1, Rt: د انګلستان په اتحادیه کې د UNICS غیر مستقیم لګښت اټکل شوی چې په کال کې یې ملیتی دی!
2, ویډیو: د ټاکنو وروسته د تړونونو وروسته معاملاتو
3, RT: اقتصاد په هغه ورځ ګړندۍ شو ډیوډ کیرډن نن دی ..
4, RT: د انګلستان ختیځ لویتیان نوماندان ګوري او لاهم د MSN اضافه لري
5, RT: د اوپیپ د کور معاینې ویاند د مهاجرینو څخه د هستوګنې څخه په k کیلو کې د کور په ډالرو کې ریک کوي....
6, RT: ډاډ ترلاسه کړئ چې نن شپه په بی بی سی کې نن په بی بی سی کې:!
7, RT: ایډ ملیبنډ یو شرمونکی دی.ایا تاسو غواړئ هغه د انګلستان نمایندګي کوي؟!رایه ورکړه
8, RT: FT د سریانو ملاتړ کوي.په نه نه یاد شوي یادداشت کې، دلته د FT مشر جوناتن فورډ دی (د پلور) ...
9, RT: ": ایډ ملیبنډ په نن شپه ثابت شو چې ولې هغه دندې ته نه دی
10, لولز د شتمني اړولو مخه نیسي.دا هیڅکله د خپلو بټلیټونو څخه تیر نه کیږي.لالچ تل د لالچي لپاره $$$ وګټله.
11, د SNP مشر د لیدونکو پوښتنو سره مخ دی
12, RT: کامرون "ایډ ملیبنډ د رسیل برانډ سره ځړول شوی. هغه یو ټاکنه ده. دا ټاکنې دي. دا د ریښتیني خلکو http: / ...
13, RT: ایډ ملیبنډ: د کار چلولو وروستی حکومت نه پوه شو
14, که ملیبنډ د SNP سره د معاملې کولو څخه انکار کوي، نو هغه څنګه د دولت په جوړولو پلان کوي؟
15, RT: ښه دی.کارخان کار نه غواړي د ټرین حکومت ولري پرځای چې د SNP سره کار وکړي.
16, کامرون د انتخاباتي کمپاین وروستی سیالۍ کې د ټاکنو وروستۍ ټاسک سیالۍ وګټلې: لشي: لندن
17, RT: زه به خوښ یم چې د SNP سره معامله وکړم، مګر روښانه وه.که تاسو ...
18, د دې ژورې ټولنیزوونکو سره څومره ژور سوسیالیستانو او سنپ تر منځ غوره کړي!په انګلستان کې د ریښتیني سوسیالیست ګوند وروستی، وروستی سوسیالیست ګوند دی
19, وګوره: ایډ ملیبنډ د پوښتنې وخت رهبره د لومړي ځل رهبرانو ته ځانګړي
20, RT: FT د سریانو ملاتړ کوي.په نه نه یاد شوي یادداشت کې، دلته د FT مشر جوناتن فورډ دی (د پلور) ...
21, د سکاټکیټي ضد احساس په لویه کچه د ټیري پریس سکونیمینګ محصول محصول دی.په عمل کې ډیری خلک ټاس نه ورکوي!
22, ملیبنډ ټرملونه، د کامرون ډوجونه
23, ملیبنډ - زه د سکون لرونکو ملتاکو سره د معاملې پرځای د PHAM کار ته تیږو: لندن (رویټرز) - د برتانیا د کارګر ګوند ...
24, RT: نیک سپیګ د دې حکومت د ناکام پلان لپاره چې ډیویډ کامرون (هغه د سر په اړه ملاتړ وکړ
25, RT: ایا هغه څوک چې د رایو صندوق بیج ته غورځیدلی وي مهرباني وکړئ د ملیرنوک پولیس سټیشن ته زنګ ووهئ چې دا راټول کړئ....
26, RT: د لمر ټویټر چینجي ښکاري چې باور ملیبنډ دی ملیبنډ دی
27, په انګلینډ کې سنیپ زهرجن.ولې به د دوی سره معامله وکړي؟
28, RT: زه زما په ټوله بالغ ژوند کې یم ما یوازې کار او amp لیدلی دی؛ټرې د بدبختۍ، جګړې، او د ...
29, جیریمي وین فکر نه کوي
30, RT: "انګلستانپ د لوی دریو اړخونو ویجاړونکی ماشوم دی. د ټولو ویجاړونکو سره د افسوس سره."- په پوهنتون کی ...
31, ": د جمعې ټایمز مخکینی مخ:

ملیبنډ د لګښتونو په اړه د 'درواغ' لپاره توی شوی

  "
32, RT: په ګالسمو کې د لمانځغونډې صحنه د بریا په توګه.یوازې یو څه ساتیري.یا دا دی؟:) ...
33, د سنپ تالوس د ځواک انډول کولو ته سترګې په لار دی، عادلانه، فکري سیاستونه راوړي چې د فاشیسټانو بیګوټونه لکه څنګه چې د فاشیسیسټانو بیوټونه راوړي!
34, RT: بله لاهنګ د ډیویډ کامیرون څخه درواغ.هغه د مالیې مخنیوي باندې لاړه نه ده ورکړې.ناممکن شوي مالیه لوړونکي httpt httpt http: / ...
35, زما د سرخوږی پلار:

"که چیرې اورپیل دلته فرصت ولري نو زه به خامخا د دوی لپاره رایه ورکم."



* دقیقې وروسته *

"تاسو دومره روښانه یاست !!! دومره تړل شوي ذهنیت!"



تاسو ډاډه یاست؟
36, د شپې د رایې اخیستنې اوسط اوسط: کان.٪، UKIP٪، د او شنه.
37, RT :.دا د نیکولا سلاکر د نوي زده کړې تګلاره ده ... د هلیکوپ په اړه د کلمو لوستلو سره د سواد زده کړې ته وده ورکول ...
38, RT: ګیرین مخکینۍ پا page ه، جمعه می می: ملیبنډ د هغه کرښه هارډینز: زه به د SNP سره معامله ونه کړم
39, RT: ایډ آزاد دی چې ویل یې هغه معامله نه کوي.دا هغه څوک به ونه بخښي چې که دوی رایه ورکړي د کار لاندې کوي ...
40, RT: زه غواړم په بشپړ ډول روښانه شم: ایتلاف به هیڅ وي او د SNP سره هیڅ معینیت شتون ونلري.
41, RT: د ډیویډ کامرون فعالیت په اړه د ټرمپین پیغام یو څه څرګند دی ...
42, ایا د لابراتوار / سنپ معامله د لابراتوار / سنپ معاملې ردوي د دې وړاندیز په اساس 'کور ته' ته د کتوین غوښتنه '
43, RT: زه غواړم په بشپړ ډول روښانه شم: ایتلاف به هیڅ وي او د SNP سره هیڅ معینیت شتون ونلري.
44, Rt: زموږ لپاره جګړه به په اتحادیه کې پاتې شي، ژمن دي چې د سکاټلینډ غږ به واوریدل شي، او بیا له معاملې څخه انکار وکړي ...
45, د هرې قلم لپاره حساب؟لکه تاسو وروستی ځل وکړ؟ستاسو پوزه باید اوږد وي!
46, RT: د لیوني بیاناتو لکه څنګه چې ما ته تایید کړئ ما د SNP.MIMIMIMIMIMIMIMIMM لپاره د کار کولو په برخه کې سمه پریکړه کړې ...
47, RT: لوی، تاسو د ضعیف په وژلو او بندولو سره د کسر کمیدل کم کړل.ښه کار.واقعیا یو څه نه دی چې د تورې په اړه وغږیږو ...
48, کلیپ: د پوهنې مصرف د ایتلاف سور کرښه ده - iTv خبرونه
49, ایا تاسو کولی شئ د می تر میاشتې پورې Ns بند کړئ.
50, د فوکسینګ ټایلز اجازه ورکوي چې خپل ټول برنامه ولري ...
51, 'زه نه ځم چې د محرم او کسر "په اړه سیوپ ته غارم.



د کیپینګ ګوند د اټومي وسلو او اصلي سفیر په ګټه
52, RT: که ملیبنډ بیا ځواب ونه وایي، نو "هو، تاسو په ګمارنه کې کار کوئ؟ داسې بریښي چې تاسو دومره ډیک یاست."ما هغه ته رایه ورکړه.خو هغه د ...
53, RT: اوه، ټاپو.د WIZ zis پیغام ډسپلین تاسو واقعیا خولۍ جرګه یاست
54, RT: ملیبنډ: ملیبنډ: زه به د کار حکومت نه لرم که د SNP معاملې معنی ولري
55, ویډیو: د ټاکنو وروسته د تړونونو وروسته معاملاتو
56, وګوره: ایډ ملیبنډ د پوښتنې وخت رهبره د لومړي ځل رهبرانو ته ځانګړي
57, Rt: د سکاټلنډ اوریدونکي د "نیکولا" په توګه ټول د خطاب سلاوي.په قلم کې دا "ښاغلي کامیرون" و، "ښاغلي ملیبینډ" او amp؛"ښاغلي سیګج"....
58, که ملیبنډ به د دې لپاره چې په دننه کې د لاري اجازه ورکړي، موږ د هرکلې څخه د پاسه ډیر څه ته اړتیا لرو
59, RT: ما یوازې د ملیبډ اعلاناتو واوریدل ........ ګرانه .... د سکاټونو سربیره د هغه پوزه قطع کړئ ....
60, یا د رنځ سره د نږدې نیم ساعت لپارهسخته زنګ ووههکه څه هم په زړه پوری کولی شي په ښه ډول د W / لیدنو پوښتنې لا ښه خواړه ورکړي ..
61, ډول ډول / ملاتړ نیک سیګګاهاها
62, RT: د کار وژنې / هیواد به څنګه احساس وکړي که پریږدئ کرښې له ...
63, RT: ګیرین مخکینۍ پا page ه، جمعه می می: ملیبنډ د هغه کرښه هارډینز: زه به د SNP سره معامله ونه کړم
64, د مشرانو څخه لیدنه نشي کولی؛ د نن شپې په څیر چې زه د بورس ډوډۍ کې وم، خو په دې وویل چې د ډوډۍ کار کیدنه یې نه غواړي
65, RT: سکاټس به هیڅکله لابراتوار ونه بخښي که چیرې مریضان دننه شي ځکه چې مایبنډ د سنپ سره کار کولو څخه ډډه کوي، سټوارټ هوسي وايي
66, RT: ایډ ملیبند د هغه کمپاین شاوخوا د اروپا په ایتونو باندې باور نه کوي.دا به زموږ په اړه څه ووایی چې ایا موږ هغه وټاکل شو؟...
67, RT: د اوپیپ د کور معاینې ویاند د مهاجرینو څخه د هستوګنې څخه په k کیلو کې د کور په ډالرو کې ریک کوي....
68, د SNP مشر د لیدونکو پوښتنو سره مخ دی
69, RT: تاسو نن شپه نن

لابراتوار -٪ (+ +)

کون -٪ (-)

اورتوپل -٪ (-)

ldem -٪ (-)

ګرن -٪ (+ + +)
70, RT: ایډ ملیبند د هغه کمپاین شاوخوا د اروپا په ایتونو باندې باور نه کوي.دا به زموږ په اړه څه ووایی چې ایا موږ هغه وټاکل شو؟...
71, RT: کارګر د سنی پلاف بلل شوی.سنیپ باید اوس روښانه شي: ایا دوی چمتو دي چې د کار حکومت او ارامۍ راوړي ... ...
72, "د مینې جوړول دلته په کارتونو کې ندي، هغه یو ټنډر دی"
73, د لیدونکو غړیتوب: ولې د ملیونونو ډیر خلک د فوډبرونو په کارولو سره دي؟

ډیویډ کامیرون: دلته یو لیک دی چې د پیسو نه پاتې کیږي
74, ډیویډ کامرون په طوفانونو کیمرون کې بل هاکي غوي
75, RT: د سرجین سټای په NHS کې PBI معرفي کړه.دلته د کین کلارک د دې خرابه ده.
76, RT: دا د کار په پرتله د لږکیو حکومت په پرتله کار کولو لپاره د مزدور لپاره اسانه دی.ملیبنډ کولی شي د سنیپپل زنګ ووهي، پداسې حال کې چې کامرون نور ...
77, عادلانه ټکی ......
78, RT: موږ د پوښتنې خورا ډیر زده کړل چې نن شپه به ځواب ورنکړي: پاک به اوس د ماشوم ګټه راټیټ کړي ...
79, وګوره: ایډ ملیبنډ د پوښتنې وخت رهبره د لومړي ځل رهبرانو ته ځانګړي
80, RT: ځانګړې: موږ هغه سړی څرګنده کوو چې د مرحلې له چار څخه د تسلیم لپاره مسؤل دی ... ...
81, مډيبنډ له دریځ لاندې دی ... هغه هیواد څنګه پرمخ ځي؟!؟ !؟؟؟
82, RT: د نن شپې یادونه وشوه



لابراتوار

کون

لیب

سنیپ

اوکراپ
83, RT:٪ نایج
84, دا د TAD سیمانټ دی؟شاید موږ باید د غوره لارښود وروستي پایلې وکاروو
85, RT: وروستي تاسو ګوګل رایی (APRPS):

لابراتوار -٪ (+ +)

کون -٪ (-)

اورتوپل -٪ (-)

ldem -٪ (-)

ګرن -٪ (+ + +)
86, د کار او سوداګریزو اتحادیې تر منځ تاریخي لینک د ماتېدو په اړه دی - د سنپ څخه مننه |له لارې
87, RT: ایډ مایبنډ زموږ د پیسو تیروتنې سکاورې په اړه.مه پرېږدئ چې بیا یې دا وکړي
88, RT: په سکاټلینډ کې مرفي زموږ خپل استخباراتو ته سپکوي.په لندن کې ملیبینډ ټول سکاټونه ډیمن کوي.سکاټونه به دا نري نه اخلي ...
89, ګټل
90, RT: د ښاریانو MK مجلس ته د ژوند کولو معاش لپاره زما ژمنتیا ښیې.زما د زړه له کومي څخه بل هیڅ شو نه شو.
91, RT: ICM وموندل شو یوازې لیدونکي خپل فکر بدل کړ.کوچنۍفرعينمونهخو: دswitchersCleggګټلې٪،cam٪ed٪http: /...
92, وګوره: ایډ ملیبنډ د پوښتنې وخت رهبره د لومړي ځل رهبرانو ته ځانګړي
93, Rt: د رسیل برانډ غواړي د خلکو غیږ کې ونیسي چې د دې حق په دې اړه فکر کوي چې زموږ په سړکونو کې د خلکو چنګاښ.

ملیبنډ یوازې ...
94, نو، د بی بی سی د پوښتنې وخت د ټاکنو ځانګړې مرکه د مختلف ګوندونو مختلف مشرانو سره، ملیبند ...
95, د BBC سکالینډس ټوله لیډي کیسه ده 'نیکولا سټرجن به داسې ونه کړي چې هغه لا دمخه رد کړې'
96, RT: لیک شوی راپور ورکوي چې ویره ورکول "د" ویره "د ټاکنو له ماتې څخه په دې ډول د غلط بیرغونو کمپاین وکړی، د اوبو ځپلی ...
97, RT: کار، د SNP سره معامله به ونه کړي.سکاټلینډ به انګلستان ته حکومت وکړي!
98, او د لیبادیم مشر ښاغلي ج وویل، هغه باید سخت او زړورتیا دمخه د یونان په څیر برتانیا sacم خوندي کړي.د تاثیر لویه کیسه
99, Rt: د ملیبنډ کوچنۍ سفر کې د لوکې پاول څخه عالي کرښه: "ایډ په ډیویډ کامرون خوله کې ډوب شو."
100, RT: پداسې حال کې چې کامرون د رسیل برانډ غونډو لپاره ملیبنډ څخه بیل شوی، ایا موږ یوازې دا په ذهن کې شو؟
101, RT: ډیویډ کامن وايي د ماشوم ګټو لپاره د ماشوم ګټې "کلي" دی
102, RT: د ډیویډ کامرون فعالیت په اړه د ټرمپین پیغام یو څه څرګند دی ...
103, زه ګورم چې د دې لپاره د دې لپاره د دې لپاره ترټولو غوره هڅه کوي.لام.د وړاندوینې وړ او لام.
104, هو یم
105, RT: زه به د ډیویډ کامیرون څخه غوښتنه وکړم که چیرې هغه د سبا په جيټ کې د یادونې وړ وي.ظاهرا هغه دا اخلي "هرچیرې '...
106, RT: زه پوهیدم چې د بی بی سی نیوز به د خپل پوښتنې وخت ناستې په پای کې د مليبنډ په لږ سفر ډیر ټینګار وکړي چې ...
107, هڅه وکړئ ملکه ته لاړ شئ چې د ټریلیس په پرتله د ټیټ وکیلانو سره او هیڅ معامله ونلري.
108, RT ::

  

      ...
109, RT: ګیرین مخکینۍ پا page ه، جمعه می می: ملیبنډ د هغه کرښه هارډینز: زه به د SNP سره معامله ونه کړم
110, RT: ډیویډ کامیرون د یو ملیون میوزیم او امپ ملاتړ کوي؛کتابتون د میګی میسګر ته وقف شوی.£ لوټون ملیونه.بنده شوې
111, RT: زموږ سرخ ټوټې کول تاسو ته لاندې ټکان نه خوښوي.



وا!نن شپه د اډ په واسطه د قوي او قوماندې فعالیت....
112, اوس هم فکر کوي چې په مخ کې پوزه
113, وګوره: ایډ ملیبنډ د پوښتنې وخت رهبره د لومړي ځل رهبرانو ته ځانګړي
114, .د ناڅاپي کولو، مګر د خپل فارمول ساتلو لپاره 'احمق'.زه هم حیران وم، هغه حیران نه شو.
115, مډيبنډ له دریځ لاندې دی ... هغه هیواد څنګه پرمخ ځي؟!؟ !؟؟؟
116, RT:٪ نایج
117, RT: وروستي تاسو ګوګل رایی (APRPS):

لابراتوار -٪ (+ +)

کون -٪ (-)

اورتوپل -٪ (-)

ldem -٪ (-)

ګرن -٪ (+ + +)
118, عادلانه ټکی ......
119, Rt: د یو سړي آرامۍ ډیمورور سره څوک چې پوهیږي هغه معینیت د می په م.
120, RT: په سکاټلینډ کې مرفي زموږ خپل استخباراتو ته سپکوي.په لندن کې ملیبینډ ټول سکاټونه ډیمن کوي.سکاټونه به دا نري نه اخلي ...
121, Rt: د ملیبنډ کوچنۍ سفر کې د لوکې پاول څخه عالي کرښه: "ایډ په ډیویډ کامرون خوله کې ډوب شو."
122, RT: پداسې حال کې چې کامرون د رسیل برانډ غونډو لپاره ملیبنډ څخه بیل شوی، ایا موږ یوازې دا په ذهن کې شو؟
123, هو یم
124, RT: زه به د ډیویډ کامیرون څخه غوښتنه وکړم که چیرې هغه د سبا په جيټ کې د یادونې وړ وي.ظاهرا هغه دا اخلي "هرچیرې '...
125, هڅه وکړئ ملکه ته لاړ شئ چې د ټریلیس په پرتله د ټیټ وکیلانو سره او هیڅ معامله ونلري.
126, RT: په ناڅاپي ډول، داسې داسې ښکاري چې UKIP د انګلستان پاسپورت څخه نیول شوي د وسلو شاهي کوټ وي.
127, RT ::

  

      ...
128, RT: ټیم فردور - "ملیبنډ د واقعیت څرګند کړ"
129, په کوم کې چې وړ حالت کولی شي د SNP په وړاندې د SNP په وړاندې د سینګاج کولو (بار جیند) په وړاندې د استوراتو په تالار کولو کې د تمویل پرته رایې ورکړي؟
130, RT: د ایډم ضعیف فعالیت ښودلو لپاره مو د SNP لپاره ودریدو لپاره خورا ضعیف دی.حقیقت د برتانیا خلک به د نرخ تادیه وکړي ...
131, هلته نه حیرانتیا ":"
132, په دې یو کې کاپي هیر شوی.OPS.د ټاټوبی په اړهانځورونه ډیر روښانه دي: بشپړې ثبت کړئ :)
133, ځینې ډافو فوکر د نن شپې د انټرنیټ پاسورډ نیولی دی.دوی د دوی پریسونه خوښوي لکه څنګه چې ورته ټایپ کوي!
134, RT: د PMUIFO لپاره د مالیې لپاره هیڅ پوښتنه نلري؟

د کامرون پلار د جرسي په مالیه کې د سپورټور شتمني پریښود

http: ...
135, دلته اتحادیه پای ته رسوي!
136, د هیواد د لیوني نړیوال کی کاسکیر پلان به د هیواد ویجاړولو لپاره ورنکړئ
137, د نن ورځې د پېښنې وخت د کامرون، ملیبند او AMP سره ځانګړي دی؛سیګګ د بلشیټ بینګاو د څو لوبو لپاره مثالی شېبه وه.
138, RT: زه غواړم په بشپړ ډول روښانه شم: ایتلاف به هیڅ وي او د SNP سره هیڅ معینیت شتون ونلري.
139, RT: که نور ګوندونه د سینې څخه بهر سینوب ډوب کړي، دوی د سکاټلینډ خلک ردوي او د بدنامۍ لپاره ملاتړ فشار راوړي.
140, RT: یو سړی چې د ګوند بشپړ کمپاین د سنیپ ګواښ "پراساس دی چې براین ته ګواښ وکړي ...
141, دوی وویل چې دوی به ملبینډ وویل چې هغه ملیارده هغه به د SNP ملاتړ په پرتله د حکومت له پلوه الوتنه وکړي؟
142, ولې DC د هرې غونډې لپاره مخ لري؟لکه د حاج لوبغاړي په "B" فلم کې.
143, RT: د کډوالۍ په اړه "سخت" ترلاسه کول.د تیرو کلونو وروسته د "خپلو ګټو د ادعا کولو څرنګوالي په توپیر کې"
144, لکه څنګه چې یو څوک چې سخته، ناپایه لرې ځي او د دې وخت کار پیل کوي، مهرباني وکړئ، د SNP معاملاتو راولیږئ.
145, یوازې احتمال لري، شاید یا نور.د نارنجي کتاب لیبا ډمیټس لخوا قوي ښودلو ته اړتیا لري.روښانه کول د ګرینر په څیر ښکاري.
146, د ډیویډ کامیرون پلار د هغه کورنۍ ته په ناڅاپي مالیه کې شتمني پریښوده
147, RT: ایډ ملیبند د هغه کمپاین شاوخوا د اروپا په ایتونو باندې باور نه کوي.دا به زموږ په اړه څه ووایی چې ایا موږ هغه وټاکل شو؟...
148, RT: ایډ ملیبند د هغه کمپاین شاوخوا د اروپا په ایتونو باندې باور نه کوي.دا به زموږ په اړه څه ووایی چې ایا موږ هغه وټاکل شو؟...
149, هیڅوک خو اوکایپ به غواړي چې په لټه کې آرامۍ سره مقاومت وکړي - دواړه مزدور او سنپ پدې پوهیږي.
150, کازیه بیل د خپل ځان د پاره د خالص پیر وهلو مخه نیسي !!!
151, RT: که کار ته اجازه ورکړي بیرته واک ته بیرته واک ته، ویلز به یې هیڅکله ونه بخښي.
152, زه یوازې په بشپړ ډول ډیویډ کامیرون ته مخه کولی شم
153, Rt: ملیبنډ یوازې قرباني لري - هغه د ګوانې اجازه ورکړه چې د دې پرځای چې د ...
154, تاسو د اوکیپک پالیسي تاسو سره موافق یاست؟
155, RT: ولې ولې ملبه یو ملیبنډ ننګوي چې هیواد د کورنۍ بودیجه نه اداره کوي؟
156, RT: ملیبنډ یو څه "شا اړولي.یوازې هغه وخت اغیزمن کیدی شي که چیرې رسنۍ د 'تیاره ګواښ' پرځای 'هیڅ معامله ونه کړي.څنګه به ...
157, - له ایتلاف لپاره ایتلاف به ناورین شئ.
158, RT: ملیبنډ: "موږ به د SNP سره ایتلاف جوړ نه کړو"

د مطلق بوللکونو لپاره RT

د "زه د ګلیبل او په بشپړ ډول ...
159, RT: یو اونلی ملیبنډ، یوازې د سکاټلینډ پایلې کې راځي انتظار وکړئ
160, ولې دوی لکه د الیکس سالمونډ اوس هم د سنپ مشر دی؟باید خپل ځان د باس سریګن څخه د دوی د شاخص لامل شي
161, RT: ایډ ملیبنډ: دا په ښوونکو او امپ کې مصرف نه و؛په انګلستان کې نرسان چې نړیوال اقتصاد یې په قهر شو.یو څوک یو څوک ...
162, RT: جیب ان لخوا د مالیکنډ، لاس په واسطه د فعالیت ناسم فعالیت خپل کړۍ په شاطرده شو.هیڅ ځوابونه ...
163, RT: د لیب ډیمس د پټي ټری محصول افشاء کوي ترڅو د BN کټونو سره وګوري ...
164, RT: ایډ ملیبنډ د لمر په ټویټر چینجي کې پورته شو.شرط لرم چې دوی به سبا د دوی په کاغذ کې یادونه ونه کړي....
165, RT: FT د سریانو ملاتړ کوي.په نه نه یاد شوي یادداشت کې، دلته د FT مشر جوناتن فورډ دی (د پلور) ...
166, د رایی سینټ او تور به ونه رسي، او تور به یې دننه کړي، او تورونه به د انګلستان څخه پورته رایې ترلاسه کړي چې له انګلستان څخه یې د سنپ څخه ویره ومومي
167, او چاخ کړئ، چې ټرېرې د اکمالاتو بیلونه نه رایه ورکوي.لکه دوی هغه وخت وکړل.
168, RT: هغه هلک چې د بورس جانسن ماسک په نوم سره د اوکیپ ملاتړ کوي په ظاهرا ډول خپور شو؟...
169, د نیکټرډ وخت د نیک فایګګ سره ځورونکی و.د هغه نه بلکې د هغه د تګلاره پوښتنې پوښتنه کولو پرځای.
170, موم ...، دا D ....
171, RT: زما وروستي ټویټونه د NHS په اړه د انګلستان ریښتیني پالیسۍ ښیې.تاسو کولی شئ د خپل ځان لپاره وګورئ - یا تاسو کولی شئ ...
172, د ملیبینډ ایډ څنګه کولی شي د لږکیو حکومت سره د یو ډول ټیکت تړون پرته د یو ډول ټیکټ تړون سره معامله وکړي؟
173, RT: زه هرڅه سم دي
174, RT: نیک سپیګ.دا روښانه کوي چې د لیب ډیمونه لیواله دي چې د ټریس سره ایتلاف ته لاړشي - بیا!ایا تاسو اوریدلی یاست
175, RT: نو لابراتوار مانان به ټول ښه وي که چیرې موږ 'تر هغه' سرليک ترلاسه کړو، مګر موږ نه غواړو چې د سینټ سره کار وکړي ...
176, RT: د ملیبنډ نوې کرښه که تاسو په سکاټلینډ کې د رایې ورکولو کار نه کړئ زه به تاسو ته د لارو اخیستو سره مجازات نکړم.
177, RT: وروستي تاسو ګوګل رایی (APRPS):

لابراتوار -٪ (+ +)

کون -٪ (-)

اورتوپل -٪ (-)

ldem -٪ (-)

ګرن -٪ (+ + +)
178, PPCs یا کله چې وپوښتل شول، یا د تایید کولو څخه انکار کوي یا د دوی پارټي څه ډول وي
179, دا پنډیټټونه د لیدونکو د عکس العمل په اړه خبرې کوي.د بی بی سی د خپل پای په نیمایي کې نیمایي د دوی دریم سفر و & AMP؛ليازيان
180, RT: د نن شپې له تاسو ته د امپوف / لمر رایی رایی

: څلور، لابراتوار٪، LD٪، UD٪، د انګلستانپ٪، gred
181, نه دا عادلانه نه وهولې یوازې د ABT غیر عادلانه غوښتنه کړې؟ولې کامرون او سیګګ نه دی؟دا په زړه پوری و.
182, هیڅ معامله نه کول، هیڅ ایتالف نشته.د لیکو د ساتلو یوازینۍ لار د بلې لارې رایې ورکولو لپاره ده.
183, RT: د یوه - کلمې پریکړې څخه.

کامرون: قوي

ملیبنډ: په کلکه

سیګګ: په نښه شوی

اوریدونکي: وحشي

...
184, RT: که تاسو د مصرف شوي کار په اړه کار کاوه، تر هغه چې د بانکداري بحران څخه تر لږ بحران څخه لږ د تیري په پرتله لږ تیر شو ...
185, RT: د ملیبنډ سفر په لسو کې خبرونه کوي
186, RT: FT د سریانو ملاتړ کوي.په نه نه یاد شوي یادداشت کې، دلته د FT مشر جوناتن فورډ دی (د پلور) ...
187, RT: Alt یخچال: څوکۍ وګورئ!

وګوره چې څنګه دوی ستاسو لپاره تیروي،

او هرڅه چې تاسو یې کوئ،

هو، دوی ټول ژیړ وو.

 # ...
188, RT: موږ په یارونو کې اوږده لار یو.اجازه راکړئ ایډم او amp؛سنیپ موږ بېرته مربع ته راکم کړئ.راځئ چې HTTPS پرمخ لاړ شو: ...
189, RT: دا د ټيف جیم نه دی، که لابراتوار اجازه ورکړي چې د SNP لخوا د دولت لخوا تمویل شي ترڅو حکومت جوړ شي، دوی WI ...
190, Rt: ": او دلته د شپې غوره بټ دی تر دې دمه: ملیبند شاوخوا ...
191, نیک سپیګ په عمومي ټاکنو کې د هغه څوکۍ د لاسه ورکولو خطر لري
192, RT: ما یوازې د ملیبډ اعلاناتو واوریدل ........ ګرانه .... د سکاټونو سربیره د هغه پوزه قطع کړئ ....
193, RT: د ویلو په ویلو سره به د دې ویلو اجازه ورکړي

خلک باید د POPG لپاره رایه ورکړي ...
194, RT: ښه دی.کارخان کار نه غواړي د ټرین حکومت ولري پرځای چې د SNP سره کار وکړي.
195, RT: FT د سریانو ملاتړ کوي.په نه نه یاد شوي یادداشت کې، دلته د FT مشر جوناتن فورډ دی (د پلور) ...
196, RT: ټری پی پی پی پی پی ایډز سی جان A غواړي.د زوکړې کلیزه، میاشتو ناوخته
197, RT: دلته د مډبنډډ ایډ بندر ته د جوار ته سپکاوی کوي مهرباني وکړئ
198, د کامرون ځینې حوصله په تفصیل سره ...
199, ملیبنډ ټرملونه، د کامرون ډوجونه
200, RT: زه غواړم په بشپړ ډول روښانه شم: ایتلاف به هیڅ وي او د SNP سره هیڅ معینیت شتون ونلري.
201, RT: ایډ ملیبند د هغه کمپاین شاوخوا د اروپا په ایتونو باندې باور نه کوي.دا به زموږ په اړه څه ووایی چې ایا موږ هغه وټاکل شو؟...
202, RT: وروسته له دې چې دلته نیک شیګ
203, RT: دواړو مشرانو ته سخته پوښتنې، مګر یوازې یوازې د امید سره
204, RT: سبا لمر - انګلیسي نسخه "ایډ ملیبنډ له مرحلې څخه راوتلی"

سبا لمر - د سکاټلینډ ګ proping ه "ایډ مندبنډ سفر"
205, RT: د PMUIFO لپاره د مالیې لپاره هیڅ پوښتنه نلري؟

د کامرون پلار د جرسي په مالیه کې د سپورټور شتمني پریښود

http: ...
206, RT: وخت او وخت بیا ډیوډ کامرون له ویلو څخه ډډه کوي چې کوم کاري ګټې یې پرې کیږي.لیدونکي خړوبوي ...
207, لابراتوار به د سنپ ساتلو لپاره د ټریولو کیلي ته پورته کولو لپاره لاړ شي.د سینټا ملامت نشي کولی
208, رسیل د ملیبنډ څخه وغواړي د "هاپیکس مګولګینګین"
209, ایوانز دا میرمن یو کوچنی جیم دی.مستقیم خبرې کول، هوښیاره حلقههغه څه چې تاسو ګورئ هغه څه دي چې تاسو یې ترلاسه کوئ.صادقانه مینه وکړئ.
210, تاسو غلط تشریح شوي. که تاسو واقعیا غواړئ د انګلستان په اړه زده کړه وکړئ، د وړیا احساس وکړئ.
211, RT:. د ټریلیس فشار لاندې د چا څخه لرې کول - هغه ډیر لرې او amp ته لاړ.په ...
212, RT: کار پیل شو.ایا دا معنی لري چې د لوی پراخه څخه هم
213, RT: اوس په اورګاډي کې.د آیسل په اوږدو کې د ساحل څلور شرابريان سړي په لوړ غږ اعلان شوي چې موږ باید کسر قطع کړو "ځکه چې ...
214, RT: اینبیل، موږ د SNP سره معامله نه کوو، د سنک سره هیڅ ایتلاف به هیڅ نه وي "...
215, RT: "د رسیل برانډ سره د کاسینګ کولو څرګندونه ښیې چې ایډ مایبنډز یوازې د لومړي وزیر کیدو نه قطع کیږي."
216, RT: هرڅوک به د ټریز لینز ته ډیر ژر وي
217, حتی د پلټونکي ګیجټ کولی شي ستاسو وقار ومومي، کور
218, RT: د لیوني بیاناتو لکه څنګه چې ما ته تایید کړئ ما د SNP.MIMIMIMIMIMIMIMIMM لپاره د کار کولو په برخه کې سمه پریکړه کړې ...
219, RT: د نن ورځې YOGOV نظرپوښتنه:

لابراتوار

اړیکه ونیسئ

ukip٪

ldeme

grr
220, Rt: زموږ لپاره رایه ورکړئ یا موږ به په تاسو باندې لارۍ تنظیم کړو '.زه یوازې دا د ځانمرګي یادداشت پرته بل کوم شی ته نشم لیدلی ...
221, چې موږ موافق شو.تاسو په سکاټلینډ کې د پولې په اوږدو کې یاست؟زه په خوندي سرني سیټ کې یم زموږ د سریز کاندید / شنډه شوې د UKP / LAP مصرف دلته
222, RT: نو ملیارټ او کار کول غواړي چې د دولت څخه بیرته د حکومت په پرتله بیرته راشي.هغه ولې ولاړ دی بیا! ... ...
223, RT: نیک سپیګ په دې ب in ه روښانه باور لري.زما په اند هغه د نن شپې یو څه احسان وکړل.
224, سنیپ به د لږکیو حکومت له کی left ډډینګ برنامې څخه ځان نه وژني.دوی په سکاټلینډ کې ودرول شول.
225, RT: د ویلو په ویلو سره به د دې ویلو اجازه ورکړي

خلک باید د POPG لپاره رایه ورکړي ...
226, Rt: د رسیل برانډ غواړي د خلکو غیږ کې ونیسي چې د دې حق په دې اړه فکر کوي چې زموږ په سړکونو کې د خلکو چنګاښ.

ملیبنډ یوازې ...
227, ملیبنډ فکر نه کوي چې د کار کولو وروستي حکومت تر دې هم پراخه نه دی چې هغه ته لاره شتون نلري او د هغه ګوند له اقتصاد سره باور کیدی شي
228, RT: ډیویډ کامیرون به د نن ورځې پیښو سره خوښ وي.نیک سپیګ به مطمین وي.مډي --بنډ به خفه وي.
229, RT: هیڅ شی په هرڅه کې د شا څخه غوره دی. یو لابراتوار / سنپ / شین / شنه / لچ / خرافات ...
230, Rt: د ځانګړي لپاره د آی سي ایم سنیپ د ډیویډ کامیرون لپاره یو کلک وګوره ده:



٪ کامرون

٪ ملیبنډ

S.JGG ...
231, RT: سرکارانو ته ځان تادیه کولو ته اړ باسي چې په نړۍ کې هغې ته د پیسو ترټولو لوړه تادیه شوې سیاستواله تولیدوي او بیا یې په چورلکو کې رهبري کوي ...
232, : د بی بی سی د پوښتنې وخت سټیډرون VD ملیبنډ: په یوه برخه کې ... له لارې.
233, RT: یو اونلی ملیبنډ، یوازې د سکاټلینډ پایلې کې راځي انتظار وکړئ
234, ډیویډ کامیرون باوزیت په اروپا کې د مسلمانانو زور زیاتي هڅوي
235, RT: ایډ ملیبند د هغه کمپاین شاوخوا د اروپا په ایتونو باندې باور نه کوي.دا به زموږ په اړه څه ووایی چې ایا موږ هغه وټاکل شو؟...
236, RT: زه یو غړی یم مګر زه به رایی ورکړم ځکه چې زه باور لرم د واک پای ته رسیدو غوره چانس لري ...
237, وروستی RT: که چیرې ایډ ملبینډ به د SNP سره معامله ونه کړي، نو د خورا احتمال سره به دوی په دولت کې وي
238, RT: مایبنډ یوازې سکاټونه نه پوهیږي او هغه د سکاټلینډ کارګر کارکونکو سیاستوالانو ته نه خراب مشورې نه کوي
239, RT: یوازې پښیماني دی چې په اشتشیر کې، هیڅ څوک د ملیبنډ څخه وغوښتل چې د اړیکې په اړه د اړیکې په اړه پوښتنه وکړيجرمي کول ...
240, RT: وروستي تاسو ګوګل رایی (APRPS):

لابراتوار -٪ (+ +)

کون -٪ (-)

اورتوپل -٪ (-)

ldem -٪ (-)

ګرن -٪ (+ + +)
241, RT: د ملیبینډ وړاندیز سینټ ته
242, RT: تاسو به څنګه په سکاټلینډ مشیلیل کې ټریو کنټرول کړئ؟
243, "د بی بی سی د پوښتنې وخت: ایډ ملیبند وخت: نو د خپلې اقتصادي ریکارډ په اړه زیان رسیدلی: ایډ ملیبنډ، له لارې ...
244, څنګه مشران د تلویزیون ګیدارولو سره معامله کوي: کارول واکر هغې ته دا پریکړه ورکوي چې ډیویډ کامیرون، سند لوی ...
245, RT: سر او amp؛کارګر تاسو هره ورځ ما سپکاوی کوئ چې تاسو خپله خوله خلاص کړئ. زه د سټیټس لپاره د سیاسي او اماراتو لپاره په غصه توګه د پام وړ یم.ویتین به وي ...
246, ": د نن شپې له تاسو ته د امپوف / لمر رایی

: څلور، لابراتوار٪، LD٪، UD٪، URIP٪، Grip "دا تاسو ټول تسلی دی.
247, RT: د اډ ایډ ایم لپاره غوره ځواب د سکاټیموکراتیو رایو په اړه د SSP وکيلیو وړاندې کول دي.
248, RT: نیک ف )ګ دروغ ادعا کوي (او د فیسونو زیاتوالی) د غوره سیستم لپاره جوړوي ...
249, کاش ډیوډ کامرون د لیدونکو غړي وپوښتل که چیرې دوی یو مدرس وو
250, RT: د نن شپې له تاسو ته د امپوف / لمر رایی رایی

اعتراف وکړئ، لابراتوار * LD٪، LDP٪، URIP٪، grf
251, RT: د ډیویډ کامرون فعالیت په اړه د ټرمپین پیغام یو څه څرګند دی ...
252, "ډیویډ کامیرون: اسانه، موسکا مګر ناقانونه"
253, RT: زه ګورم چې د دې لپاره د دې لپاره د دې لپاره ترټولو غوره هڅه کوي.لام.د وړاندوینې وړ او لام.
254, RT: بیا نیکولا سلګیرز یو واقعیا روحاني سیاسي او AMP؛د اوریدونکو سره صادق شخصي اړیکه .. په SNT کې SNP سره ګډون وکړئ ...
255, RT: ایډ ملیبنډ یو ځل بیا رسولی دی.د SNP سره هیڅ معامله نه کوي.

یو انتخاب دی:

د رایې سینټری

د رایی لابراتوار او د لابراتوار HTTP: //
256, نیک، ایا تاسو به د ټاکنو شپه په کامرونونو سره مصرف کړئ؟ټوله شپه له تاسو څخه تاسو څخه باندني خنډونه.
257, د سنيل مشر د لیدونکو پوښتنو سره مخ دی: نیکولا سټرنجر د یو ژوندي د ...
258, زه فکر کوم هغه واقعیا نه غواړي چې وزیر شي؟هارډي سکاټونه به دقیقا د هغه لپاره رایې نه ورکوي !!
259, RT: کورنۍ په اوسط ډول په اوسط ډول ££ دي، د ټين مالیې او AMP څخه مننه.د بدلونونو ګټه
260, RT: کامرون تر دې دمه ګټونکی دی.ملیبنډ یوازې دې ته نه.او ولې هغه وايي "وګورئ ... وګورئ
261, RT: کامرون "ایډ ملیبنډ د رسیل برانډ سره ځړول شوی. هغه یو ټاکنه ده. دا ټاکنې دي. دا د ریښتیني خلکو http: / ...
262, RT: سیګګ د خلکو لخوا د خواړو بانکونو ته مخه کوي.مګر د USTERS لپاره د مالیاتو د پرې کولو پرمهال د VAT راپورته کولو لپاره رایه ورکړه.
263, RT: ایډ ملیبند د هغه کمپاین شاوخوا د اروپا په ایتونو باندې باور نه کوي.دا به زموږ په اړه څه ووایی چې ایا موږ هغه وټاکل شو؟...
264, ایا دا بونسای مخکې یا وروسته د ډیو یا وروسته تیاره کوټه ته لاړ ترڅو د هغه منشورټو د سیګګ په واسطه روښانه شي؟
265, ": ملیبنډ د هغه کرښه هفترول: زه به د SNP سره معامله ونه کړم ... یو جرګه څه ..."
266, RT: د لیونټون کراسبي ننداره وروسته د ډیویډ کیمرون ب appearance ې وروسته په بشپړ سوی کې بشپړ سوی دی
267, تاسو د SUGG ستاینه نه کوئ.دا په لول کې پوررون مینه وه
268, سره پښې، نیلي ټورس، ژیړ ټاپو - دوی ټول وریډین ورته دي!
269, که چیرې نیګیل فریج پای ته ورسي، نو بیا اوکیپ به د پام وړ شي
270, RT: د نن شپې له تاسو ته د امپوف / لمر رایی رایی

: څلور، لابراتوار٪، LD٪، UD٪، د انګلستانپ٪، gred
271, RT: په وروستي بحث کې د اشارې ژبې ژباړونکی د اډمبرانو سره لنډیز شوی:
272, نیک رابینسون، سپین کولو په څیر سپینول دا په مختلف ډول بولي.زړور.
273, د بی بی سی د پوښتنې وخت سکیټ: ډیویډ کامرون V کړیکچ ...
274, د کی left لاس لرونکي تعصب هیر کړئ - دا د بی بی سی د پوښتنې وخت و کله چې موږ تل لیدونکي و: ډیویډ کامیرون پرله ...
275, RT: نیکولا سقطې د ایډینبورګ سټار هوټل * سیشمیر کې د SNP SNP ولسمشر وتلې موجونه؟ * ...
276, د بی بی سی د پوښتنې وخت: ایډ ملیبند وخت د هغه اقتصادي ریکارډ باندې زیان رسیدلی: د کار مشر، اک ...
277, RT: سیګګ خبرې کول د ښوونې فیسونو کې.هغه د "راک او سخت ځای 'تر مینځ نه و.زه په خونه کې وم کله چې هغه پریکړه وکړه چې دې ته رایه ورکړي ...
278, RT: دا زما لپاره روښانه ده چې EDBED او کار په سوداګرۍ نه پوهیږي.دوی یوازې د انګلستان لپاره پلان نلري
279, RT: نن شپه تاسو ولیدل چې دا ټول یو شان دي.یوازې مثبت بدلون وړاندیز کوي.مهرباني وکړئ موږ سره د مرستې په پام کې ونیسئ: ...
280, RT :.د سفر ښه شخصي اردو akA GS په وزرونو کې انتظار باسي، او ما پدې یاد کړل

 ...
281, RT: ICM ټولپوښتنه: کامرون us، ملیبنډ (مخکې - کامرون مخکې د خورا مشکوکو ټاکنو څخه لږ.
282, RT: DT: یو شک درلود چې سنپ به د ټکر حکومت ته ترجیح ورکړي.اوس د نیکولا خپل شونډو څخه .... H ...
283, RT: د نن شپې له تاسو ته د امپوف / لمر رایی رایی

: څلور، لابراتوار٪، LD٪، UD٪، د انګلستانپ٪، gred
284, ټریس کافي ندي ترسره شوي ترڅو د تمرین او AMP په ګټه پورته کولو مخه ونیسي؛یوازې د مالیې مخنیوي ډیر له لاسه ورکوي
285, څه چې ما خندا کوي دا دي چې تاسو یوازې د ټیورسیټینګ سره یوازې د سفرونو سره ټویټیټونه ډیزاین کړئ
286, فکر کوي چې هغه ستراتیژیک نظر اخیستي.په سکاټلینډ له لاسه ورکړهغه په انجن کې څوکیو ته اړتیا لري.
287, RT: ډیویډ کامرون، ایډ ملیبنډ، نهک کلیمګ.سنوګ، واده کول، مخنیوی؟
288, RT: او.ملیبنډ ټکول شوی.د NHS، رواني روغتیا، خواړو، بې کوره کیدو، ښځو سره بې کوره کیدو، بې کوره کیدو لپاره خورا لوی مسلې...
289, Rt: د انګلستان تلویزیون پروپاګند ویناوو چې یوازې د ناقانونه نارضایتاتو سره هاتۍ په نښه کوي ...
290, RT: په یاد ولرئ مایبنډ یو له ګارډن براونس سلاکارانو و!په داسې کلمه باور نشي کولی چې هغه وايي.کارګر په واک او AMP کې درلودل؛ځوړند ...
291, نن شپه د ملیبډ د ځان وژنې نوټ په سکاټلینډ کې د هغه د ګوند د جدي مخونو په اړه د ډیروالي او پوهاوي لخوا چلول شوی و.
292, RT: لابراتوار لاهم په وروستي وروستي وروستي ورځپا news ه ټولپوښتنه مګر موافق ده

لابراتوار 2 =

کوه +

ukip٪ =

LD٪ -

grr٪ -
293, د بی بی سی د پوښتنې وخت سکیټ: ډیویډ کامرون V کړیکچ ...
294, RT: ګیرین مخکینۍ پا page ه، جمعه می می: ملیبنډ د هغه کرښه هارډینز: زه به د SNP سره معامله ونه کړم
295, RT: که سریان سیمه ایز ښوونځي په راتلونکو کلونو کې وګټي.د سټافورډ کورنۍ د ښه والي مستحق دي.v ...
296, RT: سیګګ د خوب خونې مالیه سره مخالف و چې وخت او وخت بیا هغه د ساتلو په اړه وویل.
297, د کی left لاس لرونکي تعصب هیر کړئ - دا د بی بی سی د پوښتنې وخت و کله چې موږ تل لیدونکي و: ډیویډ کامیرون پرله ...
298, Rt: "زما لپاره رایه ورکړئ یا زه به په داسې هف کې لاړ شم. او پداسې حال کې چې زه یې ولګوم،http: / ...
299, د بی بی سی د پوښتنې وخت: ایډ ملیبند وخت د هغه اقتصادي ریکارډ باندې زیان رسیدلی: د کار مشر، اک ...
300, RT: ما یوازې د ملیبډ اعلاناتو واوریدل ........ ګرانه .... د سکاټونو سربیره د هغه پوزه قطع کړئ ....
301, RT: پیل له لاسه ورکړ.ایا کامرون هم نوټ راوړۍ چې یادونه کوي د هرچا د لیس ټرسیشن د لابراتوار لګښتونو پلانونو دمخه د لابراتوار لګښتونو پلانونو سره مل کولو ژمنه وکړه ...
302, RT: ما یوازې د ملیبډ اعلاناتو واوریدل ........ ګرانه .... د سکاټونو سربیره د هغه پوزه قطع کړئ ....
303, RT: زه غواړم په بشپړ ډول روښانه شم: ایتلاف به هیڅ وي او د SNP سره هیڅ معینیت شتون ونلري.
304, "ستاسو نوم څه دی" "زه به په مستقیم ډول ځواب ورکړم" په مستقیم ډول دا هلک څومره دی !!په زړه پوری قهرجنه 😝
305, ایډ ملیبنډ اوس په آیرلینډ کې میشته دی، درجه بندي
306, د دې هڅه وکړئ چې خپل کار شتون ولري
307, 307, تاسو د نورو هیڅ بل هیڅ شی نه یاست هیڅ شی لږ څه نلري
308, څنګه مشران د تلویزیون ګیدارولو سره معامله کوي
309, RT: نازل شوی، £،-کلن کال د سپک ټونی مالیې کریډیټ اعتبار
310, RT: ایډم یوازې د لومړي وزیر لخوا لومړی وزیر کیدی شي - د زیاتو پور، ډیرو مالیاتو، ډیر پور سره.ایا تاسو د دې لپاره پیسې ورکوئ؟"دوزخ، هو"
311, RT: اوس دا ټول واورېدل.نیک ریتنسن په جدي توګه په اړه په جدي توګه په دې باور دي چې ملیبنډ الوتونکی د پلیټ فارم د پام وړ دی او پرتله یې ...
312, RT: LOID کله چې ډیویډ کامرون د "کاري خلکو لپاره" تاسو غوره باور لرئ د "کار کونکو خلکو" تعریف ...
313, RT: سریګن: 'موږ د کاندیدانو ګران ډله یوو چې زما سره ډیره ګرانه!د واښو، کیریو، تور او نور ...
314, د سنيل مشر د لیدونکو پوښتنو سره مخ دی: نیکولا سټرنجر په ویسټ منسټر کې د SNPS رول په اړه شنډ شوی ...
315, RT: غوره لوبغاړي چې د لیډ ټاون تالار یې جوړ کړ....
316, البته هیڅ نه.د خلکو یوازینۍ خلکو ته د اخیستو یوازینۍ برخه په انګلستان کې ده.سنیپ به ملیبنډ ته د سفر مخه ونیسي.
317, کوم ژوروالی زموږ درملنه مړه شوې؟په خواشینۍ سره سم دی

او اړین دی.
318, د SNP کار پرته LOL به دا چانس خونده نه ترلاسه کړي!
319, ډاډ ترلاسه کړئ چې تاسو سم پریکړه کوئ کله چې تاسو رایه ورکړئ.
320, لمر: بجو انګلستان ته لارښوونه کوي: د انګلستانپوښتنه ورکړه

H / t
321, RT: ډیویډ کامرون د وروستي تلویزیون مناظرې په جریان کې د AU ریفرنډم اعلان وکړ
322, د کار ترټولو لوی روغتون رامینځته کولو پروګرام ته اعتراض په یاد ولرئ NHS کله هم لیدل شوی؟زه هم نه.
323, کله چې تاسو فکر کاوه په سمه توګه ښه کیږي او وايي چې دوی د دوی رای ورکول دي
324, RT: ایډ ملیبنډ - دا مهمه نده چې ستاسو نوم څه شی دی!
325, RT: بالونه باید له مینځه وویستل شي، لیډو میرمن مله پسسمر مینوبینډ وایی.وژونکی ضربه
326, RT: تصفیه وویل چې کارګر د سنیپ چت بللي.دا حتی عقلونه کوي؟"موږ به د کار د کار په پرتله د کرښو لیږلو لپاره ...
327, RT ::
328, RT: ": کلارک کارنال هم د ټاټوبي څخه و، ایا هغه نه؟دا د فوټبالرانو سره څه دی؟له ما سره سول کیمپبایل"# ...
329, RT: دريجي په ګوته کوي.موږ د ناورین لپاره روان یو.ضعف به داعش ته اجازه ورکړي چې د ترهګرو سره اروپا سیلاب وکړي.https: / ...
330, RT: مالي وختونه وايي چې دوی د لومړي وزیر ډیویډ کامیرون سره ملاتړ کوي ځکه چې میده، د نابرابرۍ سره "...
331, واهه، ملیبنډ رښتیا وویل چې هغه به په یوه معاملې کې مخالفت ونيسي، د سنک سره.
332, ملیبنډ د هغه په زنګونونو غصب لرونکي بالونو کې.
333, ایا ملیبینډ د ډیویډ کامرون شیشې څخه پاک دی؟
334, RT: FT د سریانو ملاتړ کوي.په نه نه یاد شوي یادداشت کې، دلته د FT مشر جوناتن فورډ دی (د پلور) ...
335, څنګه مشران د تلویزیون ګیدارولو سره معامله کوي
336, Rt: ملیبنډ او ګورډن براون غیر متناسب کډوالۍ معرفي کړ - دوی به په قصدي ډول د دې زیاتوالي غوښتنه وکړي!
337, فکر کول چې زاړه کار یوازې یوازې د اتحادیې ګوډاګی وو مګر د دوی اغیز پرته نوي کار د ملي کار لپاره د ملي څانګه ده ...
338, ښه امید چې دا د راتلونکي کال په درندوډ کې بل ځمکې ته یو بل ځمکې ته ژباړل کیږي پداسې حال کې چې زه ښه نه غواړم کامرون او امپ نه غواړم.CO
339, یوازې د ځان لپاره بهر دی که دوی له ناقانونه خلکو څخه خلاص شي دا هیواد به غوره وي
340, هو سمه ده، ملیبنډ له مرحلې څخه ښکته شو.کور ته زما په نظر کې خواړه جوړوي.سیاست ته ولاړ، نه د لوبې په ډګر کې ...
341, د سنيل مشر د لیدونکو پوښتنو سره مخ دی: نیکولا سټرنجر په ویسټ منسټر کې د SNPS رول په اړه شنډ شوی ...
342, RT: زه د ټول عمر کار کونکي ملاتړ کونکی مګر د رایې محافظت کونکي لپاره یې اسانه وموندئ مشیل مون.ډیر واقعیا وايي....
343, RT: سیګګ د شیفیلډ د حلالیزې حوزې نظرپوښتنه (څښتن اسراشکروف):

کار

سیګګ



د هغه د ګوښه کولو کې مرسته وکړئ

 htt ...
344, ایډ د ډیموکراتیک پلوه ټاکل شوي سنت څخه نفرت کوي چې هغه به ډیره هڅه وکړي او اجازه ورکړي چې د دې ناوړه ناشونو سره د خبرو کولو پرځای ودریږي
345, RT: انګلستان نور نه یو وړیا مطبوعات نه لري .. سیمه ایز پا has ه د ټریشي په واسطه اخیستل شوي httpt http:
346, RT: د لومړي ځل پا page ې: "ملیبنډ د" درواغ 'لپاره "درواغ' لپاره"
347, د مودبډ غلط جذبه سیند روانه ده، مګر سمه نده.ښه دنده، انګلستان.
348, RT: د انګلستانپ ټویټر حساب یوازې یو څو پیروان لنډ دی،.له موږ سره مرسته وکړئ چې مخکې یې ترلاسه کړئ :.فوبي ...
349, RT: اوه، ټاپو.د WIZ zis پیغام ډسپلین تاسو واقعیا خولۍ جرګه یاست
350, RT: ایډ ملیبنډ له مرحلې څخه تیښته.د خپل سیاسي مخالفینو او امپ لپاره د یوې مجازمو ډالۍ؛سرلیک لیکونکي
351, RT: دا د کار په پرتله د لږکیو حکومت په پرتله کار کولو لپاره د مزدور لپاره اسانه دی.ملیبنډ کولی شي د سنیپپل زنګ ووهي، پداسې حال کې چې کامرون نور ...
352, RT: تاسو ګوګل نظر پوښتنې (اپریل):

لابراتوار -٪ (+ +)

کون -٪ (-)

اورتوپل -٪ (-)

ldem -٪ (-)

ګرن -٪ (+ + +)
353, یوازې د مایبنډ او سنپ د مخنیوي لپاره څوکۍ.راځئ چې هلته لاړ شو او:
354, RT: په ناڅاپي ډول، داسې داسې ښکاري چې UKIP د انګلستان پاسپورت څخه نیول شوي د وسلو شاهي کوټ وي.
355, HMM اجازه لري چې امید وي بریتانیا ته نه ځي د الوتنې په څیر او په تیرو میاشتو کې په ټولنیز ډول
356, یوازې د مایبنډ او سنپ د مخنیوي لپاره څوکۍ.راځئ چې هلته لاړ شو او:
357, نه غواړي په حکومت کې وي که چیرې پدې معنی چې د SNP سره په ایتلاف کې واقع شي نو زه فکر کوم هغه د هغه هیله ده
358, RT: ډاډ ترلاسه کړئ چې نن شپه په بی بی سی کې نن په بی بی سی کې:!
359, ملټيډز ته اجازه درکوي په کیټین کې
360, RT: ایډ ملیبند د هغه کمپاین شاوخوا د اروپا په ایتونو باندې باور نه کوي.دا به زموږ په اړه څه ووایی چې ایا موږ هغه وټاکل شو؟...
361, RT: ایا هغه څوک چې د رایو صندوق بیج ته غورځیدلی وي مهرباني وکړئ د ملیرنوک پولیس سټیشن ته زنګ ووهئ چې دا راټول کړئ....
362, RT: د ویلو په ویلو سره به د دې ویلو اجازه ورکړي

خلک باید د POPG لپاره رایه ورکړي ...
363, RT: نن شپه تایید کړه: ډیویډ کامیرون او تار به د ماشوم ګټه پرې کړي که چیرې دوی راتلونکې اونۍ وګټي
364, Rt: اجازه مه ورکوئ چې ستړي زاړه ګوندونه تاسو ته د خپلو پیسو پونډه بوی کوي.د می په مه...
365, RT: وا.د روانې وکیلان کولی شي د یو بل ذهنونه او ټایپ کړي او دقیق وخت یې ................. ...
366, RT: زه یوازې د ټری لیز ملت سره یم.ما د هغې وخت وپوښتل چې د ماشوم په ګټه کټونه رد کړئ.او شپږ ځله ...
367, په ریښتیني نړۍ کې د کامرون دروند او AMP دی.پوښتنو او AMP ځواب ویلو کې پاتې راغی؛د ماشوم ګټه به پرې کړي
368, RT: FT د سریانو ملاتړ کوي.په نه نه یاد شوي یادداشت کې، دلته د FT مشر جوناتن فورډ دی (د پلور) ...
369, هو، هو، همکاران د ډاکټر کڅوړه کې د بھکو مخه نیسي
370, RT: FT د سریانو ملاتړ کوي.په نه نه یاد شوي یادداشت کې، دلته د FT مشر جوناتن فورډ دی (د پلور) ...
371, RT: ICM وموندل شو یوازې لیدونکي خپل فکر بدل کړ.کوچنۍفرعينمونهخو: دswitchersCleggګټلې٪،cam٪ed٪http: /...
372, RT: د لوبو لپاره د ټونډ لپاره د کار د مصیبت پونډ ملاتړ کوي.دوی ته هر ځل یاد کړئ چې دوی د اوو او ...
373, RT: د عکس عکس چې د مشرانو د پوښتنې په وخت کې غوره راغلی؟

ایډ ملیبنډ -٪

ډیویډ کامیرون -٪

نیک ټوټه ټوټه -٪ http: ...
374, RT: یو غږ سکاټلینډ، د خلکو د خلکو او AMP لپاره د WM لخوا د سپکاوي ناروغۍ ناروغ دی؛سویل
375, RT: په انګلستان کې د متحده ایالاتو د دې په درد سره عالي ټوټه پرته له یوې ګوند څخه پرته د رایې ورکولو ارزښت لري:
376, RT: د ډیویډ کامرون فعالیت په اړه د ټرمپین پیغام یو څه څرګند دی ...
377, RT: ایډ ملیبند د هغه کمپاین شاوخوا د اروپا په ایتونو باندې باور نه کوي.دا به زموږ په اړه څه ووایی چې ایا موږ هغه وټاکل شو؟...
378, هر ځل ډیوډ کامرون وايي چې هغه احساس کوي چې د بیټینګ مړ شوي
379, RT: مالي وختونه د ټیوری په ملاتړ راځي د ملیبنډ ادعا کول ملیبنډ "د / نابرابرۍ سره ښکیل" دی.هغه سړی چې دا لیکلي دي http: / ...
380, RT: د اډ ایډ ایم لپاره غوره ځواب د سکاټیموکراتیو رایو په اړه د SSP وکيلیو وړاندې کول دي.
381, RT: سلیمنډ: په E.u کې د قانوني مشورې لارښود بیانولو ته اړ ایستل کیږي.

تارجنس: د تیلو د عوایدو ارقام غلط وو.د ...
382, RT: لابراتوار لاهم په وروستي وروستي وروستي ورځپا news ه ټولپوښتنه مګر موافق ده

لابراتوار 2 =

کوه +

ukip٪ =

LD٪ -

grr٪ -
383, ډیر بحث نه دی، مګر باید یو چلونکی وي؛د دوی په تعقیب سنپ ودریږي!
384, که تاسو د ټورونو، کار او مستطیانو ډرامات ته اشاره وکړئ نو د "دریو امیګوز" په توګه تاسو اړتیا لرئ د خپل ځان ساتنه وکړئ
385, ما ولیدل چې ملیبنډ وویل چې هغه به د سنپ سره معامله ونه کړي.ما فکر وکړ چې "دا نوی دی!"هیڅ څوک د پام وړ نه بریښي.نن ورځ هرڅوک لري.
386, RT: ایډ ملیبنډ - دا مهمه نده چې ستاسو نوم څه شی دی!
387, 387, 387, وروستی تاسوپوف نظرپوښتنه (APRPRA):

لابراتوار -٪ (+ +)

کون -٪ (-)

اورتوپل -٪ (-)

ldem -٪ (-)

ګرن -٪ (+ + +)
388, RT: زه رایه ورکوم
389, RT: "د رسیل برانډ سره د کاسینګ کولو څرګندونه ښیې چې ایډ مایبنډز یوازې د لومړي وزیر کیدو نه قطع کیږي."
390, RT: لکه څنګه چې دلته منعکس شوي، ملیبنډ له شپږ اونیو وروسته، ملیبنډ اوس د جیم مرفي په اړه د جیم مرفي دریځ ملاتړ کړی دی ...
391, RT: ایډ ملیبنډ په سکاټلینډ کې یوازې په کار وژلی دی.



هغه د ماسپ په اوږدو کې د تورې حکومت غواړي.
392, RT: ملیبنډ وویل چې په انجبری کې د لابراتوار فعالانو ته وویل، 'که چیرې دا نږدې وي (داسې ښکاري چې دا وي) بیا به یو طرف او amp ته ودریږي؛راځئ چې د رایی ورکو ...
393, RT: وګورئ، سکاټلینډ.د رایی کار یا زه به په تاسو باندې ترې تنظیم کړم، یوازې د دې لپاره.هلک - نن شپه د رایه ورکونکو لپاره ملیبینډ.خوشاله ...
394, زه غواړم په بشپړ ډول هم روښانه شم.اوس د سکاټلنډ په تاریخ کې برخه ده، دوره.
395, هغه پرځای چې د ټریورونو سره معامله وکړي - نن ورځ په بې رحمه کې واورئ!
396, Rt: د ملیبنډ کوچنۍ سفر کې د لوکې پاول څخه عالي کرښه: "ایډ په ډیویډ کامرون خوله کې ډوب شو."
397, RT: داسې بریښي چې ملیبډا په پای کې د بیلتون غوښتونکو سره سمه کرښه نیسي.دوی باید د بې عیب کیدو لپاره ولګول شي.

...
398, RT: د ګټو باندې خلک د ګرويینو د کارګرانو څخه غوره دي؟ایا دا سمه کیدی شي؟سنیپ یارس،
399, RT: یوه اونۍ وړاندې د ټاکنو او تورونو څخه دمخه هرڅوک د هغه چا په اړه انکار کوي چې د هیلف او کټونو په اړه یې خبرې وکړي.تاسو ټول تاسو ته اړتیا لرئ چې K ...
400, RT: ملیبنډ څخه ډیر ښه و.دعا خلک د تویولو لپاره رایه ورنکړي.دوی به د دوی د غصب لپاره رایه ورکړي ...
401, RT: زما ملګري ټریسي ټویپ، که تاسو یو څوک وایاست چې دوی د رایې ورکولو لپاره یو شېبې اخلي د دوی او امپ څخه مننه کوي؛تعقیب ...
402, ایا ملیبنډ واقعیا ووایه چې دا به د کار / ایتلاف په پرتله بلکه د ټریل حکومت ولري؟د کار مرګ اکارا.
403, RT: د ورځې د وتلو په اړه نظرپوښتنې پایلې:٪٪٪ مننه ...
404, RT: د لمر ټویټر چینجي وايي ملیبنډ نامتو.زه ډاډه نه یم چې دا روښانه کټ و.ټولو مشرانو د یوه ځپلو HTHPOROP ترلاسه کړ ...
405, RT: د خپلواکۍ ریفرنډم څخه "پرمخ تللو" لپاره د نیکولا سالیر لپاره دا سخت دی کله چې احمقان د هغې په اړه د هغې څخه د هغې څخه غوښتنه نه کوي ...؟
406, د ملیبنډ خپره شوې دا مانا ده چې د ویسټینسټریس ټاکنې اوس په رسمي ډول د انګلیسي ټاکنو دی.
407, RT: د ډیویډ کامرون فعالیت په اړه د ټرمپین پیغام یو څه څرګند دی ...
408, تاسو واقعیا د خپل تاریخ لوستلو ته اړتیا لرئ.حتی کلیانه د هغه د مړینې د باور په تور سرمان نه و
409, ډیری د زړه نېږدو رایه ورکوونکو اندیښنه نلري چې د Pressices څخه ګټه پورته کوي.ګټې په ژوند کې معلومات نلري که چیرې ډیری ټریز رایې ورکوونکي.
410, Rt: ملیبنډ په مستقیم ډول د هغه "پخوا نه کيږي" نوټ نشته.په اقتصاد کې هیڅ اعتبار نشته
411, RT: زموږ ځنګلي ژوند د رایی ورکولو ته ورشئ.
412, RT: ملیبنډ وویل چې په انجبری کې د لابراتوار فعالانو ته وویل، 'که چیرې دا نږدې وي (داسې ښکاري چې دا وي) بیا به یو طرف او amp ته ودریږي؛راځئ چې د رایی ورکو ...
413, RT: زه یو غړی یم مګر زه به رایی ورکړم ځکه چې زه باور لرم د واک پای ته رسیدو غوره چانس لري ...
414, د دې لپاره چې فکر وکړئ چې ډریګن ډین باید ډیویډ کامیرون لپاره فحش وي؟
415, RT: زه غواړم په بشپړ ډول روښانه شم: ایتلاف به هیڅ وي او د SNP سره هیڅ معینیت شتون ونلري.
416, "دا په زړه پوری سړی زما صحرا ټاپو دی چې کدوینکین سندره" - ډیویډ کامیرون دی.
417, RT: WTF کیرپپي "د ټولپوښتنې ټولپوښتنه" کارول کیږي هغه کار کوي چې د مارچ او اپریل له لارې انګلستان ته -1op تر مارچ پورې. "؟؟؟
418, د سنيل مشر د لیدونکو پوښتنو سره مخ دی: نیکولا سټرنجر د یو ژوندي د ...
419, ګرانه سفر - بیا وخت تاسو په ټویټر کې ستاسو د ملاتړ لپاره خوب کوئ
420, RT: دا د مارکس ورونو یادونه شوې
421, د SNP په اړه د ویرونکي څخه ډکورولریښتیني بحران به هغه وخت وخوري که چیرې
422, RT: د بشپړې پروسې د ټول کمپاین ځورونه او شخصي بریدونه په پالیسۍ، ارزښتونو، او خلکو سره مرسته کوي. ...
423, RT: ملیبنډ ډالۍ
424, RT: د ټریري وکیلان ټول په اسرار ډول د داوود کامرون ورته وضاحت ورکوي ...
425, اروپايي اتحادیه زموږ د هیواد او اقتصاد لپاره یو له سترو شیانو څخه ده.ګراجیر یو کوچنی ځناور دی.
426, RT: FT د سریانو ملاتړ کوي.په نه نه یاد شوي یادداشت کې، دلته د FT مشر جوناتن فورډ دی (د پلور) ...
427, RT: سیګګ: "زه فکر کوم چې ملیبنډ او کامرون فکر کوي چې دوی کولی شي اکثریت وګټي" ...
428, RT: ډاډ ترلاسه کړئ چې نن شپه په بی بی سی کې نن په بی بی سی کې:!
429, RT: ما یوازې د ملیبډ اعلاناتو واوریدل ........ ګرانه .... د سکاټونو سربیره د هغه پوزه قطع کړئ ....
430, RT: د ایډم ضعیف فعالیت ښودلو لپاره مو د SNP لپاره ودریدو لپاره خورا ضعیف دی.حقیقت د برتانیا خلک به د نرخ تادیه وکړي ...
431, RT: د ویلو په ویلو سره به د دې ویلو اجازه ورکړي

خلک باید د POPG لپاره رایه ورکړي ...
432, RT: هر څه چې تاسو د ملیبنډ، یا کامرون یا سنپرون سیاست، د کمپاین په مرحله کې د هغه لخوا د هغه لخوا د هغه لخوا د هغه لخوا، خورا کماقره سیاست په اړه فکر کوئ. ...
433, RT: واه، د سنیپ نفرت لرونکی حد نه پوهیږي.ملیبنډ به د ټرنګ حکومت وګوري ترڅو د SC ډیموکراتیکو غوښتنو ته درناوی ولري ...
434, دا یوازینۍ لاره دهموږ به د SNP غوښتنو لپاره ټول پیسې یو.
435, اوسط رای ورکونکی.
436, RT: سریګن: دا داسې بریښي چې ملیبنډ ویې ویل چې هغه د سنپ سره د کار په پرتله ډیویډ کامرون شاته ګوري. '...
437, RT :.او د هغه سرخ سامان غواړي دا وحشي صادق کړي.د رایی ورپسې مه ...
438, RT: فکر شوی ایډ ایډ ملیبنډ د خپلو پښو پاتې کیدو لپاره ښه ښه دی.ډیری به د دې شرایطو لاندې لوی شوي وای، په ځانګړي توګه په ب ...
439, ولې ملبینډ نه ایډندا ته د SNP سره معامله نه کوي؟ځواب روښانه دی.
440, RT: د PMUIFO لپاره د مالیې لپاره هیڅ پوښتنه نلري؟

د کامرون پلار د جرسي په مالیه کې د سپورټور شتمني پریښود

http: ...
441, RT: دا شټ څه شی دی؟ملیبنډ دی ویلي چې هغه به ورسره معامله ونه کړي.پای.تاسو اجازه راکړئ چې سفر ...
442, د دې سره په فورمه کې و
443, RT: د نن شپې له تاسو ته د امپوف / لمر رایی رایی

: څلور، لابراتوار٪، LD٪، UD٪، د انګلستانپ٪، gred
444, ولې ملبینډ نه ایډندا ته د SNP سره معامله نه کوي؟ځواب روښانه دی.
445, څنګه مشران د تلویزیون ګریوینګ سره معامله کوي
446, RT: ایډ ملیبنډ وویل چې هغه د دې پرځای چې د فیصدي حکومت نه لري د SNP سره د "باور او اکمالاتو" په پرتله کار نه لري.
447, ایډ ملیبنډ یوازې هغه څه چې پاتې شوي دي ... څه چې ټول احمق!هغه پرېږدي!
448, موږ په بشپړ ډول کامرون، سینګګ او ملیبینډ د نن ورځې وخت په وخت کې د مونټی پاسوال ته درناوی وکړ!
449, د سنيل مشر د لیدونکو پوښتنو سره مخ دی: نیکولا سټرنجر د یو ژوندي د ...
450, RT: مایبنډ: د اقلیم بدلون بار دی، دا یو چانس دی چې نړۍ په خپل خورا مهم صنعتونو کې رهبري کړي.* اپلاو ...
451, RT: زه وروسته د 90GG ټنډر پروفایل تازه کوم
452, فکر کاوه چې تاسو غوښتل په سوکراتور کې د تورونو راحیل په پرتله سخت یاست؟
453, RT: ملیبنډ انکار د W تړون د حکومت کولو لپاره وړاندیز کوي هغه په سکاټلینډ کې د کار امکانات لیکلي - اوس به له لاسه ورکړي که چیرې دلته ...
454, RT: کار، د SNP سره معامله به ونه کړي.سکاټلینډ به انګلستان ته حکومت وکړي!
455, RT: د ډیویډ کامرون فعالیت په اړه د ټرمپین پیغام یو څه څرګند دی ...
456, RT: ستاسو مشر وویل چې د سکاټلینډ خلکو ته یې ورغی.بلکه اجازه راکړئ چې په پرتله په سکاټلینډ کې تسلیم شي ...
457, RT: نن شپه تایید کړه: ټرییونه به د ماشوم ګټه کمه کړي
458, RT: د ایډم ضعیف فعالیت ښودلو لپاره مو د SNP لپاره ودریدو لپاره خورا ضعیف دی.حقیقت د برتانیا خلک به د نرخ تادیه وکړي ...
459, RT: دا سمه ده.راځئ چې په خپل شاته هډوکي باندې تکیه وکړو ترڅو کیمرون ته ودریږو.زموږ لپاره زموږ لپاره لوی کار وکړ.
460, RT: مایبنډ واټه تر دې دمه د SNP سره معامله نه کوي.خصوصي رای ورکول د کار / سنپ اتحادیې خبرې د ټکر / سنپ اتحادیې خبرې ښیې چې د مډیر اغیزه لري ...
461, RT: د لیوني خبرو، ED یوازې تاسو هلکان د هغه بیان کې نیولي چې د معاملې په پرتله د ماسپخین څخه پاتې راغلي ...
462, ... که څه هم هغه غواړي دا د £ BN لخوا پرې کړي.بي بي سي د اوس د تارونو لپاره د هغوی د ګوند سیاستات ترسره کوي؟
463, Rt: اجازه مه ورکوئ چې ستړي زاړه ګوندونه تاسو ته د خپلو پیسو پونډه بوی وي.د می په مه...
464, RT: رایې ورکوونکي که تاسو بیرته په ویسټ منسټر کې په قدرت کې نه غواړئ،
465, RT: هرځي وخت ډیوډ کامرون وايي چې هغه احساس کوي چې د بټین مړ شي
466, RT: ګرانه رایی ورکول عام دي، ټولې نورې نورې تګلارې یو طرفه کوي، په یاد ولرئ چې کټي هپاکین موافقه کړې وه چې ملیبنډ!
467, هغه شاید د لمر د یو څخه د تعامل وړاندیز وشي
468, RT: Tetweet وايي چې د نن ورځې بحثونه٪٪ ته وګټله
469, د مدیریت له کوم کورس څخه د فکر کولو لپاره مانبنډونه درلودل فکر کوي چې د چا نوم صادقانه نیسي!
470, RT: نو اتحادیه کونکي نه غواړي د سکاټلینډ په حکومت کې نمایندګي وکړي

اسانه حل د آمر او AMP تعقیب تعقیبوي؛ ټولې سینټ وکیلان په سکاټلینډ کې ناست دي

...
471, 473, RT: ګورډن براون: اجارتات اوس د انګلیسي ملت پالنې ګوند دی
474, دا یوازینۍ لاره دهموږ به د SNP غوښتنو لپاره ټول پیسې یو.
475, RT: د ټریري ټریټریټیشن ته، د فیکینګ څخه اوبه د مانچسټر شپون کانال کې ډوب شوي ...
476, RT :: په انګلستان کې د ماشومانو ماشومان په فقر کې دي مګر ډیویډ کامرون غواړي چې په مارګریت مزلیم، L ...
477, دا یوازینۍ لاره دهموږ به د SNP غوښتنو لپاره ټول پیسې یو.
478, ډیویډ کامیرون ویلي
479, RT: ایا تاسو دې سکاټلینډ ترلاسه کړ؟تاسو د نفوذ اجازه نه لرئ.

"که چیرې د سنپ سره معامله ونه کړي د دولت نه جوړول ...
480, د دې مناظرې په اړه مایوسیز شی هغه پوښتنې دي چې نه دي پوښتل شوي.ملیبنډ شوی و چې ګالید شوی دی، مګر DC د بریپس په اړه نه دی شوی.
481, RT: د انګلستان په اړه د مرکه کولو لپاره د پلټنو په اړهپیدس برمی لیانه لرګي په ویلز کې دی ...
482, RT: د سیګګ لویه ستونزه دا مهمه نده چې هیڅ څوک مهمه نده چې د ښوونې موضوعاتو لپاره بخښنه رایه ورکوونکي لاهم HTTP: /// ...
483, د لیب ډیمز به بیا وغږیږي - یوازې وګورئ - دمخه لوی ګوند به دا وټاکي مګر امید لري چې هغه به لاړ شي!
484, زه باید ووایم چې زه غوره ګیرم چې توریز د کار پرځای هیواد پرمخ وړي، مګر د ولسي جرګې څخه هم د ولسي جرګې هم د ولسي جرګې غړي د غرمې ماتې دي
485, په زړه پوری.
486, RT: سرکنګن د لاریون کونکو څخه د دوهم ریفرنډم نه منلو لپاره د لیدونکو څخه راوتلی دی.هغه په حقیقت کې په دې کې ناڅرګند دی
487, دا یوازینۍ لاره دهموږ به د SNP غوښتنو لپاره ټول پیسې یو.
488, RT: ملیبنډ ډالۍ
489, RT: FT د سریانو ملاتړ کوي.په نه نه یاد شوي یادداشت کې، دلته د FT مشر جوناتن فورډ دی (د پلور) ...
490, RT: نن شپه نن ورځ په بی بی سی کې په بی بی سی کې په بی بی سی کې د نګن ناروغي وپوښتئ. د بی بی سی په څیر د لیبلبکو د لیږلو وړ دي httackh
491, RT: تاسو وویل چې ایډ ملیبنډ یو څه تویونکی دی.تاسو د کامرون خولې نه دی ښودلی
492, د SNP مشر د لیدونکو پوښتنو سره مخ دی
493, ملیبنډ ټرملونه، د کامرون ډوجونه
494, RT: دا د هغه څه څرګندیدو دی چې د هغه څه په اړه دی.په خپل واک کې د ټورونو لیدو لپاره چمتو شوی ...
495, RT: هغه شیان چې ډیویډ کامرون د نن ورځې په مباحثه کې وویل چې * خورا مناسب نه و
496, د SNP مشر د لیدونکو پوښتنو سره مخ دی
497, وګوره: دا د ملیبنډ او SNP سره مه خپاره مه کوئ.
498, RT: داسې ښکاري چې د هغه په دروغو کې د هغه په دروغو کې مړ شي.



 



سپری - ټرین شوی ماسک خځلی دی.
499, RT: نن شپه تایید کړه: ټرییونه به د ماشوم ګټه کمه کړي
500, وګوره: دا د ملیبنډ او SNP سره مه خپاره مه کوئ.
501, د تورې هیکس دا په بشپړ ډول غلط بللی دی.ملیبنډ کامل ندی بلکا نور ځواب شوی او خورا د اعتبار وړ ښکاري.
502, RT: د لږکیو حکومت به اډیبنډ ته اجازه ورکړي چې د نیکولا اډرجن الیف |مارټین کیټي
503, RT: تاسو ماته د سیاسي توکو په اړه ټویټ وکړ!زه د رایی ورکولو توره یم لکه څنګه چې تاسو نخود نلرئ !!!
504, RT: ناڅاپه تقسیمر چې د سرخ په اکثریت کې £ k k کیلو دی @ / د احتمالي نسل په څیر ښکاري
505, دا یوازینۍ لاره دهموږ به د SNP غوښتنو لپاره ټول پیسې یو.
506, RT: د ډیویډ کامرون فعالیت په اړه د ټرمپین پیغام یو څه څرګند دی ...
507, RT: نن شپه تایید کړه: ټرییونه به د ماشوم ګټه کمه کړي
508, RT: د SNP سره هیڅ معامله نده؟

هیڅ کار نه دی.بیا؟!
509, د SNP مشر د لیدونکو پوښتنو سره مخ دی
510, RT: هیڅکله د هیچا ملاتړ لپاره د هیچا ملاتړ نه کوي او دومره سخت دي - vs - vs - د ناورین ناورین
511, RT :.زه د SNP ملاتړ کونکي نه یم، مګر زه د دوی دریځ ومومئ د سیاسي بلیک میل څخه لنډ ندی او د ...
512, RT: ایډ ملیبنډ ډیویډ کامرون غږ وکړ
513, RT: غواړئ د بریښنا له بریښنا څخه لرې کړئ.ولې ملیبنډ ته ګواښ دی چې د کامرون بیرته لاندې سړک ته اجازه ورکړي؟...
514, RT: د جمعې مخې ته: ملیبنډ د مصرف شوي لګښت په اړه درواغ دی
515, کاباب GoV نظر پوښتنې:

٪ کامرون

٪ ملیبنډ

sligg

٪ کبابونه.



کباب ګټونکي دي.کبابونو ته رایه ورکړئ.په کبابونو باور وکړئ، نور هیڅ نه.
516, RT: هایر هايبند د سهار له خوا درته ګواښ وکړ چې که تاسو د رايېټرون بيرته ورشئ.
517, RT: ملیبنډ انکار د W تړون د حکومت کولو لپاره وړاندیز کوي هغه په سکاټلینډ کې د کار امکانات لیکلي - اوس به له لاسه ورکړي که چیرې دلته ...
518, کامرون او ملیبنډ د ټاکنو یوې اونۍ ته د غیر منطقيینزو لپاره اپریپیس اپیل غوښتنه وکړه
519, RT: وروستي تاسو ګوګل رایی (APRPS):

لابراتوار -٪ (+ +)

کون -٪ (-)

اورتوپل -٪ (-)

ldem -٪ (-)

ګرن -٪ (+ + +)
520, لکه څنګه چې دوی په ملیبینډ او بالونو باور چې تاسو یې معنی لرئ.
521, RT: ښاغلي ملیبنډ، په سکاټلینډ کې موږ دا غږ کوو: "کټین 'COP یار تا لږ مخ سره مینه کوي"
522, RT: سیګګ ښه کوي.
523, RT: رسمي: ملیبنډ ښه او په رښتیا چې نن شپه د کامرون له لارې ونو ته وده ورکړل شي.د ډیجیټل تماس څخه بالکل وحشي پایله: ...
524, BBCESC ټول د نیکولا پوښتنه وکړئ "به د کابینې سلطن غړی به د سونډ کابینې غړی د سینی پی برسیچر څخه ډیر اغیزمن وي؟"ټوني بلیر او ګورډن براون سکاټلنډ درلود.
525, حقیقت. پرده ملاتړ کونکی (تاسو باندې شرم
526, ډیر امکاناو د سیګګ (او هغه د څوکۍ ساتل) بشپړ حیاتي
527, Rt: د سکاټلنډ اوریدونکي د "نیکولا" په توګه ټول د خطاب سلاوي.په قلم کې دا "ښاغلي کامیرون" و، "ښاغلي ملیبینډ" او amp؛"ښاغلي سیګج"....
528, د انګلستان د کار مشر مایټبنډ له رایه ورکونکو څخه د ژوندیو تلویزیون پوښتنو وروسته ودریږي
529, RT: که زه د UKIP ID رایه ورکوم
530, RT: ډیویډ کلامیرون وویل چې اسراییل حق و چې په کال کې د بریدونو له ځانه دفاع وکړي
531, RT: ایډ ملیبنډ یو ځل بیا رسولی دی.د SNP سره هیڅ معامله نه کوي.

یو انتخاب دی:

د رایې سینټری

د رایی لابراتوار او د لابراتوار HTTP: //
532, RT: ډیویډ کامرون، ایډ ملیبنډ، نهک کلیمګ.سنوګ، واده کول، مخنیوی؟
533, RT: ایډ ملیبنډ - دا مهمه نده چې ستاسو نوم څه شی دی!
534, RT: ډیویډ کیمرون وویل چې هغه "د پور ورکولو" تادیه کوي ".که یوازې ...
535, RT: FT د سریانو ملاتړ کوي.په نه نه یاد شوي یادداشت کې، دلته د FT مشر جوناتن فورډ دی (د پلور) ...
536, RT: د یو ملیبینډ نه شي په ورته ډول د سمپسن د سټایل سټلوپونو په څیر.
537, RT: میرمنې اوښکې ملېبنډ ته په ګواښ سره چې د ایج بالز بیرته په خزانه کې واچوي.
538, RT: * ټوني ایبټ او amp؛ډیویډ کامیرون *



دوه ټوټې !!!څوک پوهیدلی؟
539, په مالیه کې د تور اعلاناتو سره د دې لپاره تادیه کولی نشي
540, RT: نن شپه تاسو ولیدل چې دا ټول یو شان دي.یوازې مثبت بدلون وړاندیز کوي.مهرباني وکړئ موږ سره د مرستې په پام کې ونیسئ: ...
541, د SNP سره معامله وکړئ مګر د تورونو سره ورته نه کوي ... د ټولګي غیرمورټ شات په لیدو ...
542, زه کوچنی نه یم، که چیرې موږ په سکاټلینډ کې سنیپ ترلاسه کړو نو ته د رایی ورکولو کار
543, RT: د انګلستان ډاونلوډ یقینا پیښیږي.که تاسو دا ریفرنډم غواړئ!
544, کله چې زه ګورم چې زما څخه زوړ زما څخه زاړه کیږي
545, ": د شفاه جامې او اوه - ډیر ښکلي ګلونه:

عکس: توریري ولیمز "
546, RT: کار، د SNP سره معامله به ونه کړي.سکاټلینډ به انګلستان ته حکومت وکړي!
547, د انګلستان د کار مشر مایټبنډ له رایه ورکونکو څخه د ژوندیو تلویزیون پوښتنو وروسته ودریږي
548, د اوکارانو د بحث مباحثه کتل کتل کتل کتل د راحت ځای څخه وکتل مګر نیک کلیمګ د رایو بار اخیستل
549, که تاسو د سنپ لپاره هر ډول احساسات ولرئ نو تاسو شرم لرئ.دوی غواړي اتحادیه تقسیم کړي، هیڅکله یې مه هیروئ.
550, RT: خلک دا یوه ستونزه په هغه خندا کوي چې د ملیبنډ پتڅښت په هغه خندا کوي، لکه څنګه چې دا د میډیا تر منځ یو څه شهرت نه دی ...
551, اجازه راکړئ اټکل وکړم.دا د کار اخراکم حکومت و چې موږ یې په دې ګډوډي کې ترلاسه کړه.دوی یوازې هغه ټکي چې ټول تور پیژني
552, RT: سر او amp؛کار یوځل بیا کار کوي چې سکاټلینډ ته وهڅوي دوی نشي کولی د انګلستان حکومت برخه وي، کوم چې

موږ د یوې برخې پاتې کیدو لپاره غوښتنه وکړه

 ...
553, RT: ایډ ملیبنډ یو ځل بیا رسولی دی.د SNP سره هیڅ معامله نه کوي.

یو انتخاب دی:

د رایې سینټری

د رایی لابراتوار او د لابراتوار HTTP: //
554, وګوره: د پوښتنې ایکبډول باید ځواب ووایی.
555, RT: دريجي په ګوته کوي.موږ د ناورین لپاره روان یو.ضعف به داعش ته اجازه ورکړي چې د ترهګرو سره اروپا سیلاب وکړي.https: / ...
556, وګوره: د پوښتنې ایکبډول باید ځواب ووایی.
557, بلکه به د SNP سره د کار په پرتله په دفتر کې ټرینونه وګوري.د ځان سره د ځان سره علاقه نانو - لیبرال قومي سربيگ هغه څه دي.رای ورکونه.
558, RT: وګورئ، سکاټلینډ.د رایی کار یا زه به په تاسو باندې ترې تنظیم کړم، یوازې د دې لپاره.هلک - نن شپه د رایه ورکونکو لپاره ملیبینډ.خوشاله ...
559, RT: په نن شپه واقعیا ښه دی هغه په څو کلونو په ملیونونو نوي دندو کې اقتصاد بیرته اړولی ...
560, سبا د لومړي مخ پا: ه: ملیبنډ د لګښتونو په اړه د 'درواغ' لپاره توی شوی
561, RT: ملیبنډ، ملیبنډ د دې لپاره، د هغه سالکاران له دندې ګوښه کړل شول.

په زړه پوری جببي
562, RT: سرکنګن د لاریون کونکو څخه د دوهم ریفرنډم نه منلو لپاره د لیدونکو څخه راوتلی دی.هغه په حقیقت کې په دې کې ناڅرګند دی
563, ولې ملبینډ نه ایډندا ته د SNP سره معامله نه کوي؟ځواب روښانه دی.
564, RT: ایا ملیبینډ دی چې هغه یې نه لري
565, که دوی د SNP سره کار ونکړي دوی د ټیري سره اجازه ورکوي. ملیبنډ پدې کې ویلي دي.
566, RT: هایر هايبند د سهار له خوا درته ګواښ وکړ چې که تاسو د رايېټرون بيرته ورشئ.
567, Rt: nick Cregg نشي کولی د تحریک فیس ژمنې وساتي ځکه ځکه چې هغه په ایتلاف کې د جونیر ملګري و، نه حکومت و....
568, ویاند.د ګوند د منافقت بریدونه چې میپس د اروپايي اتحادیې پناه غوښتنې پالیسي ګ .ل کیږي.
569, RT: د نن شپې له تاسو ته د امپوف / لمر رایی رایی

: څلور، لابراتوار٪، LD٪، UD٪، د انګلستانپ٪، gred
570, RT: لابراتوار لاهم په وروستي وروستي وروستي ورځپا news ه ټولپوښتنه مګر موافق ده

لابراتوار 2 =

کوه +

ukip٪ =

LD٪ -

grr٪ -
571, RT: د ورځې د وتلو په اړه نظرپوښتنې پایلې:٪٪٪ مننه ...
572, ولې ملبینډ نه ایډندا ته د SNP سره معامله نه کوي؟ځواب روښانه دی.
573, RT: داسې ښکاري چې ایډ ملیبنډ په پام کې لري چې "مالیه کې یو څه نور نور نور نور نور نور ډیر څه ...
574, RT: دا د انګلستان ډیویډ کامرون رامینځته شوی.د ځان د خدمت کولو حوصلی او امپد هوساینې اصلاحات
575, RT: د ټاکنو د ملکیتونو ټولپوښتنه: پړه رهبري کیږي.کانون.٪، لابراتوار.، انګلستان.٪، GD ...
576, ولې بی بی سی لاهم ټینګار کوي mabibandand به بل اونۍ ماسکی وي !!
577, RT: د رایې سناف
578, RT: نو موږ باید باور وکړو؟د سفر او لیب ډیمو وویل چې دوی ملي پور له مینځه یوړ.دوه چنده کول ...
579, کله چې ایډ ملیبنډ ترلاسه شي نو موږ کولی شو رایه راکوی وکړو ترڅو وګورو چې موږ کوم هیواد ته لیږو؟زه سوریه رایه ورکوم!
580, RT: فکر شوی ایډ ایډ ملیبنډ نن شپه په سر راغی مګر نن شپه غوره ټکي د ډیری وختونو څخه و "مګر دا نه ...
581, RT: د بوټو په جریان کې د بوټو جینټونو ګټه شیم کله چې بیلونو په سر کې راګرځيږي.
582, RT: د عکس عکس چې د مشرانو د پوښتنې په وخت کې غوره راغلی؟

ایډ ملیبنډ -٪

ډیویډ کامیرون -٪

نیک ټوټه -٪ http: / ...
583, RT: RT CCHQPER "RT جیمسکروپ: کامرون: قوي

ملیبنډ: په کلکه

سیګګ: په نښه شوی

اوریدونکي: وحشي

"
584, RT: د مینې سره مینه کول.د ګروپ غالۍ او ګوتې کراې شوې ګراجیج د پنجشنبې په ورځ سیاسي مبارزه وغهله.
585, RT: زما ملګري ټریسي ټویپ، که تاسو یو څوک وایاست چې دوی د رایې ورکولو لپاره یو شېبې اخلي د دوی او امپ څخه مننه کوي؛تعقیب ...
586, څنګه مشران د تلویزیون ګیدارولو سره معامله کوي: کارول واکر هغې ته دا پریکړه ورکوي چې ډیویډ کامیرون، سند لوی ...
587, RT: تاسو پوهیږئ، پوښتنه باید د لیابي برسین یادښت په اړه نه وي - دا باید ونه ویل شي چې ولې ډیویډ کامرون پور اخیستی £ ب ...
588, RT: و "ویل شوي 'نن د هندي UNI زده کونکي لخوا راسستونکی و.د څو دقیقو چیغې وهل کیږی چی ما ورته وویل
589, وګوره: دا د ملیبنډ او SNP سره مه خپاره مه کوئ.
590, RT: او واه.د انګلستانپ د هستوګنې ویاند د هستوګنې ګټې (له لارې):
591, RT: پینلبیس د رایی ورکونکي رابره کیب) کابلی٪ fiap٪ LDDیم٪
592, که چیرې مزاګ د SNP سره اړخ نه وي، نو د کار کولو لپاره به هیڅکله بریښنا ونلري، ایا دا سړی د جسم یا څه په پرتله خراب دی.
593, د سنيل مشر د لیدونکو پوښتنو سره مخ دی: نیکولا سټرنجر د یو ژوندي د ...
594, ولې ملبینډ نه ایډندا ته د SNP سره معامله نه کوي؟ځواب روښانه دی.
595, سنیپ سپرلۍ لوړه او په سمه توګه ورته.مګر اوس د معاملې لپاره شیبه نه ده.
596, RT: ملیبنډ یوازې کامرون ته تسلیم شو.لوی ایتلاف لا دمخه واقعیت دی
597, لکه څنګه چې زه په هغه کې رایه ورکوم، که زه په کینال کې اوسېده، نو د ټیم فرونین.
598, RT: لکه څنګه چې په هغه ډول ایډ ملیبنډ وویل، وروسته د ډیویډ کامرون نظریات د ډیوډ کامرون نظریات د ډیوم کامرون نظریات
599, نو د ملیبنډډانډ په حقیقت کې وویل چې هغه به اجازه ورنکړي چې د سنپ سره معامله وکړي

اوه (ټوی)
600, څه چې د برتانیا په اړه پوه نه دی ځکه چې دا د لږ قانوني ایلي په توګه یو قوي سینپ په توګه درملنه کوي.که دوی دوی نه غواړي، ځکه چې دوی دوی نه پریږدي؟
601, RT: ایډ ملیبنډ ممکن ترټولو معلول کس وي چې ما کله هم زما په ژوند کې اوریدلي
602, RT: موږ د ویسټ مینڈریزم ضمیر موافقې لپاره بدیل وړاندې کوو

-

     http ...
603, د IM DEFS د رایې سایپ
604, RT: ایډ ملیبنډ وویل چې هغه د دې پرځای چې د فیصدي حکومت نه لري د SNP سره د "باور او اکمالاتو" په پرتله کار نه لري.
605, RT: ملیبنډ د دندو لپاره هیڅ پلان نه لري، د اقتصاد لپاره هیڅ پلان نه دی.هغه دی
606, RT: زه د سکاټلینډ سره د رایی ورکولو لپاره ډیر خوښوم
607, تاسو د SNP لخوا د څرګند ملاتړ پرته څنګه حکومت ته راځي؟د اوسموس؟هیڅ ملاتړ نشته = ورته حکومت.
608, RT: مایبنډ واټه تر دې دمه د SNP سره معامله نه کوي.خصوصي رای ورکول د کار / سنپ اتحادیې خبرې د ټکر / سنپ اتحادیې خبرې ښیې چې د مډیر اغیزه لري ...
609, RT: یوازې زما حجام ته په مانچسټر کې وویل چې زه د کینټ لپاره د کیناس سره مرسته کوم."هیله لرم چې رایه ورکړم ...
610, "ډیویډ کام ټی له ترک څخه خبرې وکړې
611, RT: کار د غورځېدو لامل نه و.د انګلستان پخوانی والي، د انګلستان پخوانی والي، چې د انګلستان پخوانی والي وویل ...
612, Rt: د سکاټلنډ اوریدونکي د "نیکولا" په توګه ټول د خطاب سلاوي.په قلم کې دا "ښاغلي کامیرون" و، "ښاغلي ملیبینډ" او amp؛"ښاغلي سیګج"....
613, د سنيل مشر د لیدونکو پوښتنو سره مخ دی: نیکولا سټرجن د SNP RO په اړه راپورته شوی ...
614, RT: ایډ ملیبنډ یو ځل بیا رسولی دی.د SNP سره هیڅ معامله نه کوي.

یو انتخاب دی:

د رایې سینټری

د رایی لابراتوار او د لابراتوار HTTP: //
615, RT: یو یادونه چې څنګه د خوب خونه مالیه کار کوي.

کامرون ورته معرفي کړ.

سیګګ د دې ملاتړ وکړ.

ملیبنډ به دا محور شي.

 ...
616, RT: ایا کوم څوک د نیک پاک شوي ویستلو لامل شوی؟
617, RT: یو غږ سکاټلینډ، د خلکو د خلکو او AMP لپاره د WM لخوا د سپکاوي ناروغۍ ناروغ دی؛سویل
618, RT: مایبنډ واټه تر دې دمه د SNP سره معامله نه کوي.خصوصي رای ورکول د کار / سنپ اتحادیې خبرې د ټکر / سنپ اتحادیې خبرې ښیې چې د مډیر اغیزه لري ...
619, RT: مایبنډ دښمنان: کیټي هپکینز، افسانه کاسټ، روټرډوررزچ، سولټور کمپبل.هغه باید سم کار وکړي، RI ...
620, د بریکینګ لپاره د انګلستان د رای پاخه پایپ
621, د
622, هیرن او د ملیبینډ رایه ډیلګولو! ️
623, که چیرې سنیپ د سکاټلینډ څوکیو وګټله
624, RT: نه په ګډه، موږ کولی شو له جرم سره مبارزه وکړو. "



بدترین.باتمان.تل.
625, RT: نن شپه تایید کړه: ډیویډ کامیرون او تار به د ماشوم ګټه پرې کړي که چیرې دوی راتلونکې اونۍ وګټي
626, Rt: ملیبنډ لازمي نن شپه سکاټلینډ ته وویل چې موږ به یوازې ستاسو لید ته درناوی وکړو که دا زموږ نظر وي # ...
627, RT: ځانګړې: موږ هغه سړی څرګنده کوو چې د مرحلې له چار څخه د تسلیم لپاره مسؤل دی ... ...
628, د سنيل مشر د لیدونکو پوښتنو سره مخ دی: نیکولا سټرجن د SNP RO په اړه راپورته شوی ...
629, RT: زه به رایی ورکوم زه غواړم زه غواړم چې د SNP وکیلانو قوي ډله وګورم څوک چې په ویسټ چینرونو کې به سکاټلینډ ته ولاړ شي ...
630, RT: - نو به ملی بینڈرډ په ریښتیا ډیویډ کامرون بیرته راځئ چې د SNP سره "یو معامله" په پرتله "ترسره کړو؟
631, RT: زه د انګلینډ یم او کاش چې زه یې وینم دوی د رایې ورکولو لپاره دوی ډیر احساس کوي بلکه د ...
632, RT: سیګګ خبرې کول د ښوونې فیسونو کې.هغه د "راک او سخت ځای 'تر مینځ نه و.زه په خونه کې وم کله چې هغه پریکړه وکړه چې دې ته رایه ورکړي ...
633, RT: ځه!مننه د A پیروانو څخه!په یاد ولرئ چې په بی بی سی کې د...
634, RT: که ملیبنډ به اجازه راکړئ چې بیرته د SNP سره "یو معامله" په پرتله چې د انګلستان ټوله به له لاسه ورکړي، نو بیا ...
635, ffs mibrand .. اجازه مه ورکوئ چې ښي لاس په کریسټ فشار ورکړئ.لابراتوار / سنپ ډول د کامرون د ډیر یارس څخه غوره !!!!
636, RT: جمعه ټلیګراف: "ملیبنډ د خپل مصارف په تور محاربوي" (له لارې ...
637, RT: رایې ورکوونکي که تاسو بیرته په ویسټ منسټر کې په قدرت کې نه غواړئ،
638, RT: ایا کار په وروستي دولت کې نظارت شوی؟ملیبنډ وايي !!!لوبه پای ته ورسید.زما رایی د سرحصاري کیدو لپاره تضمین کیږي ...
639, RT: هاه.ښاغلی ډون، موږ ټول هغه ولرو چې تاسو به تاسو ته ښه درکړي.هرڅوک خوښ وم چې د دوه ټیم تورونو ته یې کتنه ...
640, RT: ډاډ ترلاسه کړئ چې نن شپه په بی بی سی کې نن په بی بی سی کې:!
641, RT: زه په ماسپښین کې ورغلم.ملیبنډ وویل چې د فرجر حکومت به د SNP سره موافقه وي؟...
642, یو شی چې د ډاډ لپاره رایه نه ورکوي یا باور نه کوي څوک یې کوي!
643, د اقتصادي بریا لوی څیز ممکن لاهم د تورونو خوندي نکړي |سیماس mone
644, RT: اډوارډ ملیبنډ به د ملي ګوندونو سره کار کولو څخه د ټیټ کمولو لپاره د لیږد چمتووالی ونیسي.مزدان اوس یوه لاسته راوړنه ده ...
645, RT: زه به خپل غیر موجوده خولۍ واوسم که سول کیمبل لومړی لارښود په حقیقت کې ناروغ تعلیم دی؟د ...
646, دوی یو څه غوڅوي چیرې چې ایډ او رسیل په ګوګل کې د ټیري منشور ګوري
647, RT: هیڅ ډزې نشته، هیڅ ښکار نه، هیڅ نه کول، نهزموږ ځنګلي ژوند ژوندی وساتئ.رایه مه ورکوئ.د طبیعت لپاره رایه ورکړئ.شنه یا کار
648, RT: هو ایډ ولې دا وویل
649, RT: نن شپه تایید کړه: ډیویډ کامیرون او تار به د ماشوم ګټه پرې کړي که چیرې دوی راتلونکې اونۍ وګټي
650, RT: ایا هغه څوک چې د رایو صندوق بیج ته غورځیدلی وي مهرباني وکړئ د ملیرنوک پولیس سټیشن ته زنګ ووهئ چې دا راټول کړئ....
651, RT: هر څه چې تاسو د ملیبنډ، یا کامرون یا سنپرون سیاست، د کمپاین په مرحله کې د هغه لخوا د هغه لخوا د هغه لخوا د هغه لخوا، خورا کماقره سیاست په اړه فکر کوئ. ...
652, زه په لامپپونو کې د انګلستان د افپ پوسټرونو له مخې بې خبره یم.
653, RT: د کار حکومت یوازې لوط به کار وي!یوازینۍ لاره چې ډیویډ کامرون به بیرته راشي ...
654, ایا تاسو ولیدل چې سنګګ ورته کټ اغوندي
655, RT: زما د اونیو دمخه: د ګړندي کولو لپاره د سر تاوان ورکول ممکن وژونکي وي ...
656, RT: ملیبنډ تاییدوي چې هغه به د SNP سره د کار په پرتله د لیدو اجازه ورکړي
657, RT: FT د سریانو ملاتړ کوي.په نه نه یاد شوي یادداشت کې، دلته د FT مشر جوناتن فورډ دی (د پلور) ...
658, زه ممکن حصب شم مګر ملیډنډ په ټوله کې راوتلی او د لیدونکو سره یې بوخت وو چې د سختو او AMP په منځ کې ښکیل شي؛قوي پوښتنه
659, RT: ایډ ملیبنډ - دا مهمه نده چې ستاسو نوم څه شی دی!
660, RT: ایډ ملیبنډ تړون شوی.د سکاټلنډي رایه مسله ده.دا دیموکراسي وروستی ...
661, نیکولا اډورډسن ژمنه کوي چې د کار بودیجه مخه ونیسي که چیرې ایډ ملیبنډ معامله ونه کړي

       :

...
662, RT: سیګګ خبرې کول د ښوونې فیسونو کې.هغه د "راک او سخت ځای 'تر مینځ نه و.زه په خونه کې وم کله چې هغه پریکړه وکړه چې دې ته رایه ورکړي ...
663, RT: برائنز روپۍ ښکاري.خلک هغې ته ورغلي دي.
664, RT: د انګلستان په اړه د مرکه کولو لپاره د پلټنو په اړهپیدس برمی لیانه لرګي په ویلز کې دی ...
665, سني پينې تل ښکاره وه.دوی به د ټکر حکومت چمتو نکړي.دا کرسټال دی.
666, RT: ثابت، هرڅوک - دلته - دلته هغه څه چې ایډ ملیبنډ په حقیقت کې نن شپه وویل:
667, RT: که زه نیک پاک وم، کله چې ما خبرې کړې، زه به خپله خوله پریږدم او "زه د نک سره موافق یم!"د زاړه وختونو لپاره ...
668, اوس یوازې د حوالو د ملاتړ په اړه یو ځوړند دی.ددا څومره ښه کارول کیږي
669, وګوره، دوی د "زړه راښکونکي" عکسونه پورته کړل
670, RT: سیګګ خبرې کول د ښوونې فیسونو کې.هغه د "راک او سخت ځای 'تر مینځ نه و.زه په خونه کې وم کله چې هغه پریکړه وکړه چې دې ته رایه ورکړي ...
671, RT: تاسو ګوروف - د کار لارښود
672, 672, Rt: مباحثه: "د ماسپخین نه شي که د دې معنی نه وي د ...
673, RT :: ویاند.د ګوند د منافقت بریدونه چې میپس د اروپايي اتحادیې پناه غوښتنې پالیسي ګ .ل کیږي.http: / ...
674, RT: هغه باري چې د ملیبنډ اډیټ اډیبنډ ته چمتو دی چې د اسلامي رایې ترلاسه کولو لپاره پیسې ورکړيله لارې له لارې ...
675, RT: ایا تاسو دې سکاټلینډ ترلاسه کړ؟تاسو د نفوذ اجازه نه لرئ.

"که چیرې د سنپ سره معامله ونه کړي د دولت نه جوړول ...
676, RT: د کار حکومت یوازې لوط به کار وي!یوازینۍ لاره چې ډیویډ کامرون به بیرته راشي ...
677, RT: دا دلته د سکاټلینډ خلک لري، موږ ملفټ کامرون لرو، ډیویډ کیریرن، نیک کیرج، نیک کیمیر، نیک کیرج، موږ ته اړینه چې موږ په کلکه یو ...
678, RT: د فرانسې ولسمشر اولډي هڅه وکړه د ملیبنډ تګلاره په کې ترسره شي.

وګوره چې څه پیښ شول ...
679, تاسو دومره محتاط نه یاست چې د بی بی سی سیاسي سمونور اوسئ ... تاسو د یو سترګو توری په توګه راشئ.
680, بې عقله تیاره تعصب.تاسو باید پخپله شرم ولرئ.ستاسو نظر باید نشر نه شي.
681, RT: اډوارډ ملیبنډ به د ملي ګوندونو سره کار کولو څخه د ټیټ کمولو لپاره د لیږد چمتووالی ونیسي.مزدان اوس یوه لاسته راوړنه ده ...
682, د بی بی سی خبرونه - د پوښتنې وخت - ملیبند سټاربونه - د کامرون ډوجونه
683, RT: "لیونی، بد او د وبایلسنسټر کې د هغې د رول او د هغې د رول په واسطه د ...
684, RT: وګوره: پوښتنه EDAD ملیبنډ باید ځواب ووایی.
685, هلته جیریمي پیکسمان، ښیې چې هغه د ټیري محفل په بشپړ ډول تادیه شوی دی.ملیبنډ په اوږدو کې، د ډیو په اړه هیڅ نه
686, مشرانو د رایی د وخت ګارینن: ډیویډ کامرون، ایډ ملیبنډ او مستند جړنځی مخامخ کیږي چې د دوی د اقتصادي پولیسو په اړه د سخت لیدونکي سره مخ کیږي ...
687, څنګه مشران د تلویزیون ګیدارولو سره معامله کوي
688, RT: لابراتوار لاهم په وروستي وروستي وروستي ورځپا news ه ټولپوښتنه مګر موافق ده

لابراتوار٪ =

کوه +

ukip٪ =

LD٪ -

grr٪ -
689, RT: د لیبډیمونو سره لاندې د دې لارې سره دا یو سکینرل دی چې له دې څخه ایستل شوی دی
690, RT: امیدونه چې د ټری او AMP دواړه؛د دې ډلې په اړه کار موندلی شي چې د انګلستان ټول خلک د ډاډ سره په پام کې نیول شوي؛د ...
691, RT: ملیبنډ انکار د W تړون د حکومت کولو لپاره وړاندیز کوي هغه په سکاټلینډ کې د کار امکانات لیکلي - اوس به له لاسه ورکړي که چیرې دلته ...
692, د SNP مشر د لیدونکو پوښتنو سره مخ دی: نیکولا سټرنجر په ګالسکو کې د ژوند د رول په اړه شنډه شوې.
693, زه یوازې د انګلستان ډولونه نه پوهیږم کوم چې فکر کوي د ملیبنډ تر پایه د تادیې ارزښت لري.
694, مهرباني وکړئ د ډیویډ کامرون یا د ایډ ملیبینډ لپاره غوره لپاره غوره
695, RT: دا رسمي ده.ایا د دې هیواد څخه بیا به د سنپ مصرف، مصرف کولو، مصرف کونکو پرته بیا افشا کړي ...
696, RT: زه یو غړی یم مګر زه به رایی ورکړم ځکه چې زه باور لرم د واک پای ته رسیدو غوره چانس لري ...
697, د ملیبنډ ملیبنډ به د توریز بیرته راشي بیا د SNP څخه ملاتړ وکړئ: له لارې
698, Rt: د سکاټلنډ اوریدونکي د "نیکولا" په توګه ټول د خطاب سلاوي.په قلم کې دا "ښاغلي کامیرون" و، "ښاغلي ملیبینډ" او amp؛"ښاغلي سیګج"....
699, RT: د ټریري وکیلان ټول په اسرار ډول د داوود کامرون ورته وضاحت ورکوي ...
700, RT: ایا تاسو د انګلستان یو ډول بنګار یاست
701, RT: ناڅاپه تقسیمر چې د سرخ په اکثریت کې £ k k کیلو دی @ / د احتمالي نسل په څیر ښکاري
702, هاهاها دومره عجیب دی ؟؟؟؟نه حیران
703, RT: د کار حکومت یوازې لوط به کار وي!یوازینۍ لاره چې ډیویډ کامرون به بیرته راشي ...
704, RT: د هېواد د اواپیبنډونو غږول د تارونو سره مخامخ کیدو سره سره، زور او د سنپ حکم کول ...
705, RT: سکاټس به هیڅکله لابراتوار ونه بخښي که چیرې مریضان دننه شي ځکه چې مایبنډ د سنپ سره کار کولو څخه ډډه کوي، سټوارټ هوسي وايي
706, RT: سټارټ برعکس.ډیویډ کامرون موږ ته یادونه وکړه چې څنګه د انګلستان پای ته رسیدلی.ملیبنډ د دې لپاره هم رد کړل چې هلته یوه ستونزه وه ....
707, مننه mybikand!د سکاټلنډ غږ په ښکاره ډول په انګلستان کې هیڅ ارزښت نلري.زه شک لرم چې ډیری نور سکاټونه به اوس خپلواکي د خپلواکۍ مطلوب ګ toشي!
708, اوس هم فکر کوي چې دا بیمرون به وغواړي ملیبنډ بحث نشي.یقینا دا د ورته اجرا کولو شرط دی.باید اجباري وي!
709, Rt: د رسیل برانډ غواړي د خلکو غیږ کې ونیسي چې د دې حق په دې اړه فکر کوي چې زموږ په سړکونو کې د خلکو چنګاښ.

ملیبنډ یوازې ...
710, وروسته، ...... قوي & "قوي او apm؛ د قوماندې فعالیت!"
711, RT: د نایمین پوښتنې وخت لیدونو د ژوند مباحثو په جریان کې روسیه، ملیبنډ او سیجج ...
712, RT: ICM وموندل شو یوازې لیدونکي خپل فکر بدل کړ.کوچنۍفرعينمونهخو: دswitchersCleggګټلې٪،cam٪ed٪http: /...
713, "... اوس زه پوهیږم چې زه به د جوړجاړي جوړولو څخه په واک کې واچومم چې زما دودیز اصلي رایې ورکونکي به پوره کړي."
714, RT: ایډ ملیبنډ د انسان احساس د پوهیدو هڅه کوي
715, ایا دا په پټه توګه د نګول ایجاس لخوا لیکل شوی و؟یوازې توضیحات چې زه یې فکر کولی شم ...
716, RT: کامرون پوهیږي "به پښې اور ته ورسوي" نو د سر په سر بحثونو څخه ډډه وکړه
717, RT: د SNP سره هیڅ ډول معامله نده.کارګر قانون جوړونه.نورې خواوې نشي کولی، یا دا ممکن سقوط وکړي.هغه ...
718, مګر د لیب ډرام ادب وايي په داسې حال کې چې ایډ نه ګ .ي که څه هم مشهور سپیڅلی وايي چې هغه به یې؟
719, RT: تورې ضایع شوي، د NHS د ناروغانو وخت - یوازې کارګر به دې ته ودریږي، وايي http: //
720, RT: لابراتوار لاهم په وروستي وروستي وروستي ورځپا news ه ټولپوښتنه مګر موافق ده

لابراتوار٪ =

کوه +

ukip٪ =

LD٪ -

grr٪ -
721, RT: مایبنډ خپل د استعفا لیک لیکلی ... د بل لابراتوار مشر به د سنپ سره معامله وکړي :)
722, RT: زه کاناډایی یم او زه به د اوپپ رایه ورکړم که زه یې کولی شم!زه د دې لیدو ته سترګې په لار یم :)
723, د ډوجی سپکینګ
724, سبا به ملیبنډ ووایی "اجازه راکړئ تاسو ته دا ووایم، زه حتی ځان ته په هغه حالت کې رایه ورکوم چې زه د سنپ سره معامله کوم.
725, RT: خدای زه د آسټرالیا له سیاست څخه ستړی یم. د بچ - سر سر د خصوصي ښوونځي څاڅکو او مهالویش کار ...
726, ایا دا ملیبنډ د کار / S.N.p ایتلاف ته ګوته نیسي؟
727, ډیویډ کامیرون له دروغو څخه دروغ وویل، که هغه فکر وکړي چې هغه فکر کوي چې هغه په راتلونکو ټاکنو کې ترلاسه کوي یو بل شی راځي.
728, کامرون کولی شي وښیې، یو بشپړ تخریب او AMP لري؛ / یا وړاندیز کوم چې موږ ټول سپوږمۍ ته لاړو، لاهم تورونه به په پام کې ونیول شي
729, RT: په ناڅاپي ډول، داسې داسې ښکاري چې UKIP د انګلستان پاسپورت څخه نیول شوي د وسلو شاهي کوټ وي.
730, RT: ایډ ملیبینډ - "موږ د ټیټ معاش پر بنسټ اقتصاد لرو او موږ پدې هیواد کې کافي کورونه جوړ نه کوو" ...
731, او amp؛تاسو کولی شئ په ټریوو باور ولرئ؟پور پورته تللی دی، سر!داسې ښکاري چې د لمر سپیسپپر بل قرباني لري
732, RT: FT د سریانو ملاتړ کوي.په نه نه یاد شوي یادداشت کې، دلته د FT مشر جوناتن فورډ دی (د پلور) ...
733, RT: د ټریري وکیلان ټول په اسرار ډول د داوود کامرون ورته وضاحت ورکوي ...
734, RT: زه غواړم په بشپړ ډول روښانه شم: ایتلاف به هیڅ وي او د SNP سره هیڅ معینیت شتون ونلري.
735, په ویسټ مینسر کې قوي به د انګلستان سره یوځای ساتلو کې مرسته وکړي.

ایا سکاټونه په هاخوا نه غواړي؟شاید دا ځکه چې دوی انګلستان ته د ګواښ په توګه رنګ شوي؟
736, Rt: هیلې: ملیبنډ د هلک په څیر دی چې ټول د دوه سپمونو په جوړولو او د کیینسیټاس کلب کوپنونو په لټه کې دي.
737, TT انګلستان:

.

.

.

.sول کیمپبل

.

.

. شوی ملیبینډ

.نیک سټینسن
738, RT: دا پنډیټونه د لیدونکو د عکس العمل په اړه خبرې کوي.د بی بی سی د خپل پای په نیمایي کې نیمایي د دوی دریم سفر و & AMP؛l ...
739, RT: وګوره هغه څه چې زه زما په انتظار کې لرم کله چې زه کور ته راستون شوم.خامخا به د فاصلو په شا نه وي ...
740, RT: ای سکاټلینډ: یوازې نو تاسو د کار ویډیو په اړه روښانه یاست - ملیبنډ په ائټئلف کې ...
741, دا چې "هیڅ پیسې شتون نلري" یادونه باید په میوزیم کې وي، د هر احمق توري سفر سیاستواله چې نه پوهیږي چې هیڅ ټوکه څه شی دی.
742, انتخاباتي رایې ورکونکي ژوند ته ورسیږي ځکه چې اصلي رای ورکونکي خپلې وايي ... او د ملیبنډ لفظي پریږدئ
743, زه فکر کوم چې اغلې غرنۍ په ښکاره ډول د خلکو اکثریت لپاره مختلف بحثونه ګوري: روښانه لږترلږه په یاد لرونکې وړ؟ 'سمه ده.
744, ښه که چیرې دمخه په سکاټلینډ کې پای ته ورسیده، دوی اوس وروسته د ملیبنډ کړنې وروسته وروسته له هغه چې
745, په غیر تضمین ساعتونو کې خلک، بډایه دي چې یوازې د تعلیم ترلاسه کولو لپاره وړ دي، مګر زما بیان لاهم دریځ لري، سیګګ لري
746, د سیاست څخه نفرت وکړئ او دا مګر مګر د نګیل خطره یو بشپړ مغز دی
747, RT: هو ښه خلک چې زه یې اټکل کوم ایما اوس مهال د انګلینډ پارلمان دی، سکاټلینډ ته دیموکراتیک پروسې څخه هیڅ ډول ډیموکراتیک پروسه خارج شي.
748, RT :.د سفر ښه شخصي اردو akA GS په وزرونو کې انتظار باسي، او ما پدې یاد کړل

 ...
749, RT: ایا تاسو په محفل کې اوسیږئ؟ایا تاسو د رایی ورکولو لپاره ډیر ناخوښه یاست؟ما دا ستاسو لپاره لیکلیمهرباني وکړئ ولولئ که تاسو کولی شئ.http: / ...
750, هغه په ملیبنډ کې د هغه مبهم په ملیابینډ او د کفنگرو د کفر او کافرو د کامرون خرجلو په وخت کې، د ټریپیل د نیواک څخه د نیولو په وخت کې، د ټارورچ د انتقالي کولو په وخت کې، د ټارورچ پر سر د نیوز څخه د نیواک څخه د نیولو په وخت کې، د ټریچ په وړاندې د نیوز څخه د انتقالي کولو په وخت کې، د ټریچ په وړاندې د نیوز څخه د انتقالي کولو په وخت کې، د ټریپ له خوا د نیوز څخه د انتقالي کولو په وخت کې، ټری خالي ډرایو غوره ده.
751, د سنيل مشر د لیدونکو پوښتنو سره مخ دی: نیکولا سټرجن د SNP په اړه راپورته شوی ...
752, RT: یو اونلی ملیبنډ، یوازې د سکاټلینډ پایلې کې راځي انتظار وکړئ
753, RT: FT د ټورونو په ملاتړ راځي د ملیبنډ ادعا کول ملیبنډ "د / نابرابرۍ سره ښکیل" دی.هغه سړی چې دا لیکلي دي http: ///
754, RT: زه له ځوان کونډ سره مینه لرم چې د مکسولا سرکرجنس په توګه نیکولا ډارجن ...
755, RT: که تاسو ویره لرئ چې کارګر په ویسټینسټریټ کې د سکاټلینډ امنیهو غږولو څخه انکار کوي

له موږ سره یوځای شئ

...
756, RT: ناروې او سویتزیرل په اروپايي اتحادیه کې ندي، تر دې دمه دوی د بریکیټ څخه تر اړیکو خورا ډیر صادروي چې د انګلستان څخه کار کوي
757, RT: آد مایبنډ به کار خورا ډیر مصرف کړي.د ایډ بالونه فکر کوي چې یادونه یوه ټوکه وه.دوی دي.

htt ...
758, د رایی ورکولو ته د رایی ورکولو لپاره زما انجلۍ وهڅوئ.زما ژوند بشپړ دی.ښه فنګین شپه
759, RT: د انګلستانپډ مشر به برخه واخلي په BBC یو په انګلستان کې د. پیپټ.
760, RT: زه یو غړی یم مګر زه به رایی ورکړم ځکه چې زه باور لرم د واک پای ته رسیدو غوره چانس لري ...
761, RT: د انګلستان سیپ سیرګی سینګ او د یارکشیر لومړی ویکی بټلر نن شپه د دوی د انتخاباتي انتخاباتي حوزې څخه ورک دی.عمومي موجود ...
762, RT: د عالي ورځې دروازه ټکول، لاهم د دودیزی ټریرکی ټکر رواج رای ورکونکي د محلي او ملي سیاست څخه په غوسه دي - په کامرون باندې باور ...
763, ما رایه ورکړه په المانډډ کې سنوسایډ په قانون کې دیموکراسۍ نومیږي
764, په سینټ او امپ باندې اصلي ریاضی؛د کار تګلارې ترټولو نږدې دي (یا نو زه لوستل کیږي) نو د ټول هیواد ډیری برخه به ولري
765, RT: ګورډن براون: اجارتات اوس د انګلیسي ملت پالنې ګوند دی
766, RT: ایا ملیبډ واقعیا وویل چې زه د SNP سره ایتلاف ته د تلو په پرتله حکومت نه جوړوم؟
767, RT: ګیرین مخکینۍ پا page ه، جمعه می می: ملیبنډ د هغه کرښه هارډینز: زه به د SNP سره معامله ونه کړم
768, د سیګګ / اوسبورین لپاره د انګلستان سره د انګلستان سره د یونان سره عمل کول.د جاپان په څیر، د یونان په څیر، انګلستان خپل اسعار او مرکزي بانک لري.
769, RT: ډیویډ کامیرون ګټونکی./.

د قلسلګرۍ تبلیغ /

د ایډ په توګه، زه به هغه ته ورکړم، او امپ؛دا یوازې کاس دی چې ما هیڅکله مخکې نه و لیدلی ...
770, اوس د ایپیبنډ سره زما د جنون په اړه پوهیدل پوهیږي
771, مډي --بنډ د اکمالاتو ښوونکی دی چې ځورول کیږي کله چې هغه د جغرافیې تدریس وکړ
772, RT: نیکولا سقط منصدي ګوند، د سکاټلالي ګوند مشر ګوند د انګلستان ټاکنو کې د کلیدي رول سره لوبیدلی، د انګیلا میرکل ورته ښکاري: ...
773, سیګګ به د انګیلا میرکل سره ایتلاف ته لاړ شي
774, RT: د عکس عکس چې د مشرانو د پوښتنې په وخت کې غوره راغلی؟

ایډ ملیبنډ -٪

ډیویډ کامیرون -٪

نیک ټوټه ټوټه -٪ http: ...
775, د SNP روښانه کولو لپاره وخت به دوی کار ته رایه ورکړي یا کریسو ته اجازه ورکړي.
776, د دې سره ښه بخت!یوازې هغه څوک چې زه یې د کامرون څخه ډیر نفرت لرم ګرانې * شارډ *
777, RT: هو ګرانه هنټر د ټوپک په ټوپک سره یو احمق او خطرناکه لوبه کوي....
778, زه حیران یمهغه هوښیاره او amp؛د SNP سره ایتلاف ته نه تلل.دا به پیښ شي
779, د سرپرست کلمې د سرپرست کلمه .... اداکول .....
780, RT: نیک رابینسون د معمول په څیر خبرې کوي ... د ناشکرو کوچني توری شیله ...
781, RT: نو د دې چارواکي به د دې پرځای چې د SNP سره د کار کولو پرځای په ځواک کې د ټریس شاته وګوري.
782, RT: وروستي تاسو ګوګل رایی (APRPS):

لابراتوار -٪ (+ +)

کون -٪ (-)

اورتوپل -٪ (-)

ldem -٪ (-)

ګرن -٪ (+ + +)
783, د دې سره معامله کوي، ځکه چې دوی به احمق نه وي.
784, RT: ایډ ملیبنډ ډیویډ کامرون غږ وکړ
785, RT: ولې ولې ملبه یو ملیبنډ ننګوي چې هیواد د کورنۍ بودیجه نه اداره کوي؟
786, RT: اوس هم په وروستي ورځو کې ترسره کیږي !!http ...
787, د لیب ډیم ویسټویللو په ګوته کول د پښو ګوتې د فلاحي دولت لوی فونس ندي - له لارې
788, RT: سرپرست / آی سي ایم فوري راتګ دا٪ ته د میبونډو په الرښودو کې د میربنډ په الرښود کې ورکوي ...
789, که چیرې ایډ ملیبینډ له یوې معاملې څخه لرې وي، زه به د لیویس په کړکۍ کې زما خر وښنم
790, RT: ایا تاسو په بحث کې موټی ټور واورئ، څنګه آسټرالیا او کاناډا به هیڅکله هم بانکي بحران نه لري ... دوی سپکاوی نه و ...
791, "úd ملیبنډ وویل چې هغه د SNC باور او اکمالاتو" په پرتله د کار حکومت نلري." لول
792, هاهاهاهاها، که تاسو سنپ نه یاست نو تاسو د ما لپاره یو نه یاست
793, RT: اوس په اورګاډي کې.د آیسل په اوږدو کې د ساحل څلور شرابريان سړي په لوړ غږ اعلان شوي چې موږ باید کسر قطع کړو "ځکه چې ...
794, RT: وروستي تاسو ګوګل رایی (APRPS):

لابراتوار -٪ (+ +)

کون -٪ (-)

اورتوپل -٪ (-)

ldem -٪ (-)

ګرن -٪ (+ + +)
795, RT: څنګه ملیبیبنډ د هیواد چلولو اجازه ورکول کیدی شي 😂
796, د انګلستان جیب ویلي (په وار وار) به د HSS :)
797, RT: د لیونټون کراسبي ننداره وروسته د ډیویډ کیمرون ب appearance ې وروسته په بشپړ سوی کې بشپړ سوی دی
798, RT: څه چې ټریپونه وايي هغه څه دي چې دوی یې معنی لري.

(د دې لپاره ترسره شوی)

 http ...
799, پرون پرون، خورا منفي سیاست "ما ته غږ وکړ چې په کې لاړشې '.تاسو د آفون لپاره څه غواړئ؟'يمن' !!!! '
800, که تاسو د رایې ورکولو روانی / UNIP چې تاسو یو بد وړ یاست.وړاندې تېرول.
801, RT: سیګګ وايي هغه به د انګلستان په مخکې د انګلستان په کولو کې نه بخښنه وغږیږي ...
802, ~ او زه غواړم په سمه توګه روښانه شم.

زه او د رایې ورکونې شمېر همکاران تاسو نه غواړو د ماښام په څیر!
803, RT: دا به موږ ته اجازه راکړو چې انګلینډ، وال ...
804, د سنيل مشر د لیدونکو پوښتنو سره مخ دی: نیکولا سټرجن د سنپ په اړه راپورته شوی ...
805, RT: ایډ ملیبند د هغه کمپاین شاوخوا د اروپا په ایتونو باندې باور نه کوي.دا به زموږ په اړه څه ووایی چې ایا موږ هغه وټاکل شو؟...
806, RT: سیګګ خبرې کول د ښوونې فیسونو کې.هغه د "راک او سخت ځای 'تر مینځ نه و.زه په خونه کې وم کله چې هغه پریکړه وکړه چې دې ته رایه ورکړي ...
807, مګر بالونه یو کلیدي لوبغاړی و چې ښار په ناوړه چلند کې او د ملیبنډ چانسلر به وي
808, RT: د کار حکومت یوازې لوط به کار وي!یوازینۍ لاره چې ډیویډ کامرون به بیرته راشي ...
809, سیګګ د خلکو سره خورا ښه دی.تل یو - له امله یې دلیپ طبقیه.مګر خلکو له اوږدې مودې راهیسې له ډیرې مودې راهیسې اوریدل بند کړي دي.
810, RT: ګیرین مخکینۍ پا page ه، جمعه می می: ملیبنډ د هغه کرښه هارډینز: زه به د SNP سره معامله ونه کړم
811, .که تاسو سکین وي نو داسې ښکاري چې د ټوټې ټوټې ټوټې
812, OMG UNIP دا په ښار کې د دې جګپوړو لوی بلبورډونه په خپل ښار کې ایښودل او هرڅوک ورته د هیچلر رسول ګرځوي -
813, RT: زه دا دا ایډ ملیبنډ خوښوم.زه هغه یو ښه عادت خوښوم.
814, RT: ملیبنډ تاییدوي چې هغه به د SNP سره د کار په پرتله د لیدو اجازه ورکړي
815, RT: رایې ورکوونکي که تاسو بیرته په ویسټ منسټر کې په قدرت کې نه غواړئ،
816, RT: سبابنډ به ملیبیکنډ ووایی "اجازه راکړئ ځان ته دا رایی ورکړم، زه حتی ځان ته د SNP سره معامله کوم.
817, RT: ډیویډ کامیرون د راتلونکي په پرتله د خبرو کولو لپاره ډیر وخت مصرفوي.ښه که هغه غواړي بیرته وګورو ... ...
818, RT: زه دوی د ګناه او AMP څخهبې ځایه شوی مګر زه هڅه کوم چې فکر وکړم کله چې کارګر حکومت و چې انګلستان ...
819, د سنيل مشر د لیدونکو پوښتنو سره مخ دی: نیکولا سټرنجر د یو ژوندي د ...
820, د سنيل مشر د لیدونکو پوښتنو سره مخ دی: نیکولا سټرجن د سنپ په اړه راپورته شوی ...
821, RT: دا په کوچني چاپ کې دی



د سکاټلینډ لمر: "د خپل هیواد لپاره د SNP وړاندیز وړاندیز کوي."

انګلیسي لمر: "د SNP Shobtates" http ...
822, RT: یو اونلی ملیبنډ، یوازې د سکاټلینډ پایلې کې راځي انتظار وکړئ
823, RT: که ملیبنډ به اجازه راکړئ چې بیرته د SNP سره "یو معامله" په پرتله چې د انګلستان ټوله به له لاسه ورکړي، نو بیا ...
824, RT: کار او اوکیب لاهم روان دی؟؛-)
825, RT: ما یوازې د ملیبډ اعلاناتو واوریدل ........ ګرانه .... د سکاټونو سربیره د هغه پوزه قطع کړئ ....
826, RT: ایا موږ واقعیا د پښو پورته کولو ته اړتیا لرو.
827, RT: ملیبنډ تاییدوي چې هغه به د SNP سره د کار په پرتله د لیدو اجازه ورکړي
828, Rt: د ملیبنډ کوچنۍ سفر کې د لوکې پاول څخه عالي کرښه: "ایډ په ډیویډ کامرون خوله کې ډوب شو."
829, RT ::

مایوسز

د ټریز کولو هڅه د مخنیوي لپاره په سپیکټال کې ناکام شوې

...
830, Rt: فکر مه کوئ مخکې لدې چې ځواب ویلو ته د اوریدونکو د غړو نومونه چې ځوابونو ته د مډبنډ لپاره کار کوي.ډیر تمرین
831, RT :.: موږ د SNP سره معامله کوو، د SNP سره به ایتلاف نه وي.

...
832, RT: زه زما په ټوله بالغ ژوند کې یم ما یوازې کار او amp لیدلی دی؛ټرې د بدبختۍ، جګړې، او د ...
833, ملیبنډ د دې سره "د یوې منظمې اکثریت ګټلو لپاره راځي.
زه فکر کوم چې موږ ټول غواړو پوه شو، د هغه "پلان B" څه دی؟
834, RT: ټرییونه ټول د امکاناتو ټول فابریکې وتړل او معلول خلک معلول شوي کسان یې کار ته د تګ فرصت رد کړل.
835, RT: ایډ ملیبنډ: د کار چلولو وروستی حکومت نه پوه شو
836, څوک د رایی ورکولو آیتونه دی؟
837, RT: دريجي په ګوته کوي.موږ د ناورین لپاره روان یو.ضعف به داعش ته اجازه ورکړي چې د ترهګرو سره اروپا سیلاب وکړي.https: / ...
838, RT: د وژنې مژده ملیبنډ شوې چې په سکاټلینډ کې یې کار په ډزو وژلی او وژلي دي.
839, RT: رایې ورکوونکي که تاسو بیرته په ویسټ منسټر کې په قدرت کې نه غواړئ،
840, لکه څنګه چې SNP ټول څوکۍ ترلاسه کړئ - ایتلاف به "اوه دوی یوازې د سکاټلینډ توکي ترسره کولی شي"
841, RT: د راسیل برانډ څه ته د ملیبنډ ته وویل
842, RT: د ډیویډ کامرون فعالیت په اړه د ټرمپین پیغام یو څه څرګند دی ...
843, RT: زه وروسته د 90GG ټنډر پروفایل تازه کوم
844, هدف دا دی چې کارګرانو ته د سکاټ رایې ورکول وي، ترڅو د تفتیش مخه ونیسي.څنګه اصلي
845, RT: ملیبنډ وايي، د اروپا یوه ورځ اروپايي اتحادیې ته د قدرتونو نور انتقالي معلومات، یوه ورځ وروسته له هغه یوه ورځ چې یو معمول مهاجرت وړاندیز کوي ...
846, RT: د لیب ډیمس د پټي ټری محصول افشاء کوي ترڅو د BN کټونو سره وګوري ...
847, په ملیبینډ کې د غرمچ ویتلولیک بریدونو فکر کولو کې مرسته نشي کولی په م میربینډ کې د خپل پخواني میرمن سره د بلیر ادعا شوې اړیکې لپاره
848, RT: ټاکنې ژوند ته ځي ځکه چې اصلي رای ورکونکي خپلې وايي ... او د ملیبنډ لفظي پریږدئ ...
849, RT: بله بیلګه چې څومره دعوی او برید کونکي دي
850, RT: وروستي تاسو ګوګل رایی (APRPS):

لابراتوار -٪ (+ +)

کون -٪ (-)

اورتوپل -٪ (-)

ldem -٪ (-)

ګرن -٪ (+ + +)
851, RT: د کار وژنې / هیواد به څنګه احساس وکړي که پریږدئ کرښې له ...
852, RT: کاش چې زه یې د رایی ورکولو لپاره.دوی څه دي چې د کار ګوند شتون ولري که دوی هیڅ صداقت درلود .. د SNP او شین ترکیب به ...
853, RT: Tetweet وايي چې د نن ورځې بحثونه٪٪ ته وګټله
854, RT: ایډ ملیبنډ یو ځل بیا رسولی دی.د SNP سره هیڅ معامله نه کوي.

یو انتخاب دی:

د رایې سینټری

د رایی لابراتوار او د لابراتوار HTTP: //
855, RT: د کار ملاتړ کونکي د سرۍ کاندید ستاینه وکړه پداسې حال کې چې هغې د محرک په حق کې خبرې وکړې.وايي.
856, RT: هارډ کی left اړخ SWP / UF / هانش تاوتریخوالي ټګ او imp.د بی بی سی لانټي بونیی لا راچ ویزلاید ملیبنډ ملی شو.هغه خوښ نه ده .. ...
857, RT: ملیبنډ بهرنی پدې معنی چې د ویسټینسیسسشن ټاکنې اوس په رسمي ډول د انګلیسي ټاکنو دی.
858, RT: هارډ کی left اړخ SWP / UF / هانش تاوتریخوالي ټګ او imp.د بی بی سی لانټي بونیی لا راچ ویزلاید ملیبنډ ملی شو.هغه خوښ نه ده .. ...
859, ": دلته د مډبنډډ ملیبنډز د جاراتو ته د جاراتو ته سپکاوی کوي مهرباني وکړئ

"



واهه یوازې واهه
860, RT: دا په حقیقت کې ولې د امید ملیبنډ له لاسه ورکړ او باید راتلونکې پنجشنبه ونشي
861, RT: ایډ ملیبند په حقیقت کې د خلکو په اړه پاملرنه کوي او دا په حقیقت کې داسې ښیې چې هغه وايي هغه وايي ...
862, RT: نن شپه یو څه ناوخته .. ملیبنډ د SNP سره کار کولو لپاره کامرون ته پام کوي.د ټامورور د مخ په وړاندې پا page ه د http: ...
863, RT: FT د سریانو ملاتړ کوي.په نه نه یاد شوي یادداشت کې، دلته د FT مشر جوناتن فورډ دی (د پلور) ...
864, RT: د جیم مرفي سر باید سپک شي.هغه څلور میاشتې تیر کړل چې "رایه سنپ، ټری ترلاسه کړئ".end د نن ورځې "د رایو کارګر نن شپه وايي، ...
865, RT: ډیویډ کامیرون * د ماشوم ګټې د کمولو لپاره * رد کوي.کله چې موږ ټول په راتلونکې اونۍ کې د رایی ورکولو غارونو ته ورسیږو، راځئ چې یادونه وکړو ...
866, RT: کامرون م میبل یو ټوکه خبرې کوي.دلته هغه د جیندي شور د ټرینټ شیر په ناستیتونو کې پوښتنه کوي چې د تشناب HTTPs کې ناست ...
867, د ایډ ضد ضد چلند ماشوم او متخصص دی.زه ډیر مایوسه یم (زه په لاره کې د SNP رایه ورکونکی نه یم).لوی، ایډ.
868, RT: ایډ ملیبنډ بې پامۍ ویسسپر
869, RT: زه یوازې د ټری لیز ملت سره یم.ما د هغې وخت وپوښتل چې د ماشوم په ګټه کټونه رد کړئ.او شپږ ځله ...
870, 870, دا ټول د سره تورونو په اړه ټول وايي ... \ t
871, په ایډ، لکه څنګه چې ما مخکې وویل، هغه نشي کولی په SNP کې ټاکنو ته دوام ورکړي.حتی 'راځئ چې انتظار وکړو او وګورو' د کارسي یو هدف وړاندې کوي.
872, زه فکر کوم چې ایډ ملیبنډ ترټولو ښکلی سړی دی
873, RT: نن شپه یو څه ناوخته .. ملیبنډ د SNP سره کار کولو لپاره کامرون ته پام کوي.د ټامورور د مخ په وړاندې پا page ه د http: ...
874, د تورې ټوټې.
875, بل ډیوټرسټ چیری چې په ورځ کې پاتې راغلی هغه د خولې، روښانه سور او خورا نا آرامۍ سره ځي.
876, RT: ولې به مستقیم د ملیبنډ سره مستقیم سره ډګرودل بحث ونکړي؟
877, ای ایډ داسې بریښي چې انګلیسي کار چلونکي رایې ورکونکي هم ځورونه نه کیږي که چیرې هغه د سینګ تورونو / اوکیپ ته اجازه ورنکړي
878, څنګه مشران د تلویزیون ګیدارولو سره معامله کوي: کارول واکر هغې ته دا پریکړه ورکوي چې ډیویډ کامیرون، سند لوی ...
879, RT: سریګن: دا داسې بریښي چې ملیبنډ ویې ویل چې هغه د سنپ سره د کار په پرتله ډیویډ کامرون شاته ګوري. '...
880, RT: ایډ ملیبنډ وویل چې هغه پرځای د SNP معاملې پرته بې ارزښته نه دی
881, RT: RT که تاسو موافق یاست: د پورتنۍ سړک او امپ څخه ښکته کولد انګلستان په کچه د پرمختیايي سیاست لپاره....
882, د سنيل مشر د لیدونکو پوښتنو سره مخ دی: نیکولا سټرنجر د یو ژوندي د ...
883, RT: سبا مخینه پا: ه: ملیبنډ د لګښتونو په اړه د 'درواغ' لپاره توی شوی
884, شاید دا ستاسو څخه ښه پوه شئ!ملیبنډ د عالي ایتلاف تړون لپاره خلاص د کوښکو لپاره خلاص دی
885, RT: سنیپ ټولپوښتنه وايي ډیوډ کامرون سره د٪
886, واه هیڅ ډیویډ کامرون ... لکه څنګه چې د سره لوګی په څیر ښکاري په دیم. لغمان کارګر کارګر
887, RT: ملیبنډ تاییدوي چې هغه به د SNP سره د کار په پرتله د لیدو اجازه ورکړي
888, RT: سیګګ یوازینی مشر دی چې په حقیقت کې په واقعیت سره بحث شوی او ننګونه شوی چې د سفرونو په توګه، ستاسو نوم څه دی؟ "SE ...
889, پیدایدونکې برمرو او سنيپ هم پدې اړه قوي تحلیلي لري.TSUC هم خورا ډیر ضد دي.او کارګران انقلاب ګوند.
890, RT: د ایسټینجیس ټیسټرن ځواک د نن شپې د مناظره بیمرو fw H ...
891, څنګه مشران د تلویزیون ګیدارولو سره معامله کوي: کارول واکر هغې ته دا پریکړه ورکوي چې ډیویډ کامیرون، سند لوی ...
892, RT: هایر هايبند د سهار له خوا درته ګواښ وکړ چې که تاسو د رايېټرون بيرته ورشئ.
893, ای.ګ.د
894, RT: نیکولا سټرجن د "یو نسل" ژمنې "ماتولو لپاره د لیدونکو لخوا محاسبه کیږي.
895, د یو څه په پایله کې به د یو څه پایله تولید کړي: د کان څوکۍ، لابراتوار سیټونه، د SNP چوکۍ، د چاپي اماراتو څوکۍ، شنه چوکۍ.
896, ما یوه نظر ترلاسه کړ: ګرینونه، سیاستوال ټاپو.د الفا، مایبنډ هنټر / ګوتو / ګوتو / ګوتو / ګوتو / ګالرون پخلی، کاک، سیګګ ..؟
897, RT: د سر له مشرانو جرګې د دوی لیکونو ته وویل چې په سکاټلینډ کې د رایې ورکونکو کار چارې د امیرټیل کاریال اغیز ته راکاږي ...
898, RT: ملیبنډ په اوسني باور ډول په لویه کچه وده کړې - هغه د کامرون څخه ډیر لوړ او تودوخه درلوده.
899, د سنيل مشر د لیدونکو پوښتنو سره مخ دی: نیکولا سټرنجر د یو ژوندي د ...
900, RT: ایډ ملیبنډ مور: '' یا د چای ایډ یوه پیاله غواړي؟ '



ایډ مایبنډ: 'بخښنه غواړئ، ستاسو نوم څه و؟
901, کامرون او ملیبنډ ورته رنګ ټی وړي.نامې.
902, RT: "د OKP کاري ټولګټه اساس په ګوته شوی
903, RT: ملیبنډ په دنده کې یو اونۍ کی left اړخ ته ورسید.که هغه حکومت نه جوړوي نو هغه پای ته ورسي.دا د ملي ...
904, RT: د ټریري وکیلان ټول په اسرار ډول د داوود کامرون ورته وضاحت ورکوي ...
905, اوس په راډیو کې مياشتي.

په راډیو کې چیغې وهل
906, RT: ولې، بیا هم ډیویډ کامیرون و چې په احتمالي ایتلاف کې فشار راوړی مګر مډيبنډ و؟
907, RT: وروستي تاسو ګوګل رایی (APRPS):

لابراتوار -٪ (+ +)

کون -٪ (-)

اورتوپل -٪ (-)

ldem -٪ (-)

ګرن -٪ (+ + +)
908, RT: نیکولا ځای.د سکاټلینډ خلک به هیڅکله هغه کار ونه بښی شي که چیرې دوی اجازه ورکړي چې اور پریږدي.
909, RT: د راتلو پر مهال د فراغټ وژل شوی.
910, RT: ملیبنډ تاییدوي چې هغه به د SNP سره د کار په پرتله د لیدو اجازه ورکړي
911, RT: د شپې لوی لیږد: د دواړو کیم بې باوري او د دواړه کم او ملیبنډ روښانه.لیدونکي په حقیقت کې د واشنګ شو
912, RT: له نیک پاک شوي څخه مننه، اوسط زده کونکی به اوس د £ K پور سره فارغ شي
913, ه، دا د شپې خوب دی!د مشرانو بحثونو لید لید فکر کوي ملیبنډ لاهم تر دې دمه واقعیا ښه ترسره کړی
914, RT: ایډ ملیبنډ د لمر په ټویټر چینجي کې پورته شو.شرط لرم چې دوی به سبا د دوی په کاغذ کې یادونه ونه کړي....
915, RT: DT: یو شک درلود چې سنپ به د ټکر حکومت ته ترجیح ورکړي.اوس د نیکولا خپل شونډو څخه .... H ...
916, RT: زه یو غړی یم مګر زه به رایی ورکړم ځکه چې زه باور لرم د واک پای ته رسیدو غوره چانس لري ...
917, RT: د SNP - جمعې د جمعې مخې ته زه
918, RT: نیک پاکګ: 'هرڅه ممکن دي؟'ایا دا نیک دی؟په دې ماښام کې تاسو ته جدي پاملرنه کیدی شي.نه ګرانه
919, RT: FT د سریانو ملاتړ کوي.په نه نه یاد شوي یادداشت کې، دلته د FT مشر جوناتن فورډ دی (د پلور) ...
920, RT: په لیدونکو کې د لیدونکو لارښوونې نه پوهیږي چې د نړیوال مالي بحران لامل څه رامینځته کړي.

موږ د شخصي بیومونو څخه ډیر دروند کوو ...
921, RT: هایر هايبند د سهار له خوا درته ګواښ وکړ چې که تاسو د رايېټرون بيرته ورشئ.
922, مزدان نسج شوي د تورو څخه بهر نه مجبور نه کړای او لوی غوڅې جوړې کړي.ایا د خلکو یا ځواک په اړه پاملرنه وکړئ؟
923, RT: ټول سکاټلینډ پدې پوهیږي !!

  

   ...
924, RT: وګوره: وګورئ: ایډ ملیبنډ سفرونه لکه څنګه چې هغه د کار ریکارډ په اړه له مینځه وړلو وروسته د مشرانو بحثونه کوي
925, RT: د ډیویډ کامرون څخه د ډیویډ کامرون څخه هیڅ ځواب نشته چې له لاسه لاړ شي ځکه چې یوځل بیا والدین به د ماشوم ګټې او AMP ته زیان ورسوي؛مالیه ...
926, RT: د نایمین پوښتنې وخت لیدونو د ژوند مباحثو په جریان کې روسیه، ملیبنډ او سیجج ...
927, RT: د نګول ایرجور پروړاندې د بیهز شوي لیدونکو لیدونکي
928, RT: سکاټس به هیڅکله لابراتوار ونه بخښي که چیرې مریضان دننه شي ځکه چې مایبنډ د سنپ سره کار کولو څخه ډډه کوي، سټوارټ هوسي وايي
929, د پوښتنې وخت لیدونکي مکررون، ملیبنډ او سیګګ: ډیویډ کامیرون، EFP)
930, دلته زه د رایی ورکولو سنیپ یم
931, RT: په ناڅاپي ډول، داسې داسې ښکاري چې UKIP د انګلستان پاسپورت څخه نیول شوي د وسلو شاهي کوټ وي.
932, RT: سیګګ د انګلستان د اروپايي اتحادیې لپاره ودریدل د هغه په غوره کې د لیب ډیم مشر دی.مسول، مستند، نړیوال ...
933, RT: ایا دا به بیرته د هغه ځورولو ته راشي؟ملیبنډ د می وروسته سنیپ سره معامله کوي

 ...
934, RT: د SNP مشر - سکاټلینډ به هیڅکله د سرۍ حکومت سره د سنپ سره معامله کولو لپاره کار ونه بخښل شي.http: ...
935, د ډیویډ کامیرون بی بی سی د پوښتنې وخت د وخت فعالیت ورته په ورته ډول بیانوي: د پنجشنبې په ورځ ... (HFP)
936, RT: د ملیبنډ دوه لوی اعلانونه :.د لږکیو د کارګر حکومت که هغه د اکثریت څخه لنډ شي..نه "باور او ...
937, ایا خلک په جدي توګه د هېواد لپاره د ملاله لپاره اډیټ_ونډ ته د چلولو لپاره غواړي؟
938, پلس هیڅ شی د کونړ / لیبیا / د انپ / DPIP ته د کامرون ترلاسه کولو لپاره تړون ته مخه نه کوي.ددومره عادلانه پوښتنه.
939, څنګه مشران د تلویزیون ګیدارولو سره معامله کوي: کارول واکر هغې ته دا پریکړه ورکوي چې ډیویډ کامیرون، سند لوی ...
940, RT: نو د کارګرانو ایډ ملیبنډ به د سکاټلینډ د دیموکراتیک پلوه ټاکل شوي پارلمان سره همکاري وکړي
941, RT: یوه اونۍ د تور څخه لرې کولو لپاره.که نه، د ډیویډ کامیرون، جورج اوسیدار، IDs، او مایکل ګون.دا دی ...
942, د پوښتنې وخت لیدونکي متما، ملیبنډ او سیګګ: مینډیډ کامرون، ایډ مډيا کړ /
943, وایو، د بی بی سی مخکښ کیسه کیسه کانګو ښودل شوې، مګر یوازې د SMQ لپاره د FMQs څخه برخلیک لري.هر ځل، یو ژور بیرل وموندل شو
944, د سنيل مشر د لیدونکو پوښتنو سره مخ دی: نیکولا سټرنجر د یو ژوندي د ...
945, RT: FT د ټورونو په ملاتړ راځي د ملیبنډ ادعا کول ملیبنډ "د / نابرابرۍ سره ښکیل" دی.هغه سړی چې دا لیکلي دي http: ///
946, د ډیویډ کامیرون بی بی سی د پوښتنې وخت د وخت فعالیت ورته په ورته ډول بیانوي: د پنجشنبه وروسته د BB ...
947, RT: ملیبنډ ممکن ضعیف وي مګر په SNP کې هیڅ شی نه دی بدل شوی.که چیرې هغه ماښام راشي ځکه چې هغه د نیکولا لخوا پرمخ وړل کیږي ...
948, RT: ډیویډ کامیرون صحیح: د ملیبند ایډ میدان ایډ حواله څنګه د جنجالي نظریه سره ...
949, ډیویډ کامرون درې ځله یو دروغ وبلل شو.تر دې دمه یو کس د ملیبنډ درواغجن په نوم یادیږي او هغه راپور شوی چې راپور شوی
950, RT: ملیبنډ، ملیبنډ د دې لپاره، د هغه سالکاران له دندې ګوښه کړل شول.

په زړه پوری جببي
951, RT: وا.د روانې وکیلان کولی شي د یو بل ذهنونه او ټایپ کړي او دقیق وخت یې ................. ...
952, RT: سرپرست / ICM فوري رایی ورکوي
953, RT: د لوبو لپاره د ټونډ لپاره د کار د مصیبت پونډ ملاتړ کوي.دوی ته هر ځل یاد کړئ چې دوی د اوو او ...
954, RT: ډیویډ کامرون یو ټولنیز دی کوم چې په بې وزله خلکو کې د ټولنیز پاک پاک پاک پاکوي، په سلو کې زیان رسونکي خلک ...
955, RT: د دې 'بحث' ګټونکی نیکولا سقرار دی، بیا.او هغه هم هلته نه ده.
956, زه واقعیا امید لرم چې ګیډۍ د سختې مودې لپاره سختې پوښتنې ترلاسه کوي لکه څنګه چې نور یې وکړ، زه ډاډه یم چې هغه دوی په ایماندارۍ او بشپړ ځواب کولی شي.
957, RT: د هېواد د اواپیبنډونو غږول د تارونو سره مخامخ کیدو سره سره، زور او د سنپ حکم کول ...
958, RT: د سین سی لپاره وروستی کمپاین پوسټ په اډینبورګ کې په لاره اچول کیږي.
959, RT :.زه د SNP ملاتړ کونکي نه یم، مګر زه د دوی دریځ ومومئ د سیاسي بلیک میل څخه لنډ ندی او د ...
960, ایډ ملیبینډ - ایا تاسو به له دې سړي څخه یو کارول شوی موټر واخلئ؟
961, RT: نن شپه یو څه ناوخته .. ملیبنډ د SNP سره کار کولو لپاره کامرون ته پام کوي.د ټامورور د مخ په وړاندې پا page ه د http: ...
962, RT: زه وروسته د 90GG ټنډر پروفایل تازه کوم
963, ایا د ښکار ښکار لاندې
964, RT: سیګګ د خوب خونې مالیه سره مخالف و چې وخت او وخت بیا هغه د ساتلو په اړه وویل.
965, RT :.په ښکاره ډول د هغو کسانو په اړه پاملرنه نه کوي څوک چې د لوی کارکونکو په قضیه کې مړه شوي
966, RT: نظر پوښتنه: کامرون د پوښتنې وخت وخت بحث وګټله کله چې ملیبنډ ټالونه ...
967, څنګه مشران د تلویزیون ګریوینګ سره معامله کوي
968, RT: ډیویډ کیمرون وویل چې هغه "د پور ورکولو" تادیه کوي ".که یوازې ...
969, RT: د نعمت ایشډډ: د هغه څه په اړه چې د نیک لوی ..."موږ ټول په هغې ویاړو" ...
970, Rt: د ملیبنډ کوچنۍ سفر کې د لوکې پاول څخه عالي کرښه: "ایډ په ډیویډ کامرون خوله کې ډوب شو."
971, سیګګ د ضعیف نوماند له پلوه.کامرون د هغه ځوابونو کې خورا پیاوړی دی.
972, نګول غوښه یوازې ویل کیږي چې وڅښل شي او پب پریږدئ.
973, د سنيل مشر د لیدونکو پوښتنو سره مخ دی: نیکولا سټرنجر د یو ژوندي د ...
974, RT: دا د کار په پرتله د لږکیو حکومت په پرتله کار کولو لپاره د مزدور لپاره اسانه دی.ملیبنډ کولی شي د سنیپپل زنګ ووهي، پداسې حال کې چې کامرون نور ...
975, RT: شیان ډیویډ کامرون د نن ورځې د پوښتنې وخت بحث وکړ چې * بشپړ * درست نه و
976, RT ::
977, RT: تصفیه وویل چې کارګر د سنیپ چت بللي.دا حتی عقلونه کوي؟"موږ به د کار د کار په پرتله د کرښو لیږلو لپاره ...
978, د اقتصادي بریا لوی څیز ممکن لاهم د تورونو خوندي نکړي |سیماس mone له لارې

عالي مقاله
979, RT: دا په حقیقت کې ولې د امید ملیبنډ له لاسه ورکړ او باید راتلونکې پنجشنبه ونشي
980, RT: پروت! فاسد؟صلیب؟
981, RT: د ایډم ضعیف فعالیت ښودلو لپاره مو د SNP لپاره ودریدو لپاره خورا ضعیف دی.حقیقت د برتانیا خلک به د نرخ تادیه وکړي ...
982, دا یو څه کار نه کويتورونه په هرصورت مایوسه دي.
983, RT: ایډ ملیبنډ له مرحلې څخه تیښته.د خپل سیاسي مخالفینو او امپ لپاره د یوې مجازمو ډالۍ؛سرلیک لیکونکي
984, RT: ایډ بالونه او amp؛ایډ ملیبنډ له تیرو غلطیو څخه هیڅ نه زده کړي - زموږ روغتیا په خطر کې مه ورکوئ
985, RT: ایډ ملیبنډ د سنپ په اړه ولاړ دی چې د ټیټې پوښتنې او لیدونکو څخه سختې پوښتنې سره سره.د ټکرینک سره سخت لاس لوبول ...
986, RT: ملیبنډ د بریا د جبهې څخه ماته ماتې ورکړه.
987, نو ایا تاسو به د دې لپاره همداسې وکړئ؟او amp؛ایا ایا تاسو به د سر له لارې د وندا د ولسي جرګې پلورلو پالیسي لپاره بخښنه وغواړئ؟
988, RT: سبابنډ به ملیبیکنډ ووایی "اجازه راکړئ ځان ته دا رایی ورکړم، زه حتی ځان ته د SNP سره معامله کوم.
989, چې ترېنګونه د خپل منشور په شا د مایکل مایکل په پوښاک کېږدي؟
990, RT: ایډ ملیبنډ - دا مهمه نده چې ستاسو نوم څه شی دی!
991, نوې پوسټ: Sol کمپبیلیل د اډیبنډ په اړه کرایه کولو لپاره ټویټر حساب غیر فعال کړئ ترڅو د کمونیسټ په توګه کرایه شي
992, RT: د ایسټینجیس ټیسټرن ځواک د نن شپې د مناظره بیمرو fw H ...
993, RT: کله چې بهرنيان وايي ټول زموږ دندې ټول دي دوی هماغه بهرنيان دي چې ټول په ګټې کې دي یا ...
994, RT: retweet که تاسو موافق یاست که تاسو د بی بی سی موافق یاست چې د اوپیپ پرضد تشکیل شوی دی
995, ښه ښاغلي ملیبینډ اجازه راکړئ روښانه شم چې زه به هیڅکله د رایې ورکولو لپاره نه یم
996, RT: مهره ګوره والپیک، د می له میاشتې وروسته د.زما وروستۍ حوصله کارتون د ټاکنو دمخه.http: ...
997, RT: د لومړي ځل پا page ې: "ملیبنډ د" درواغ 'لپاره "درواغ' لپاره"
998, د بل نیګیل ګراج
999, هو هغه ټویټونه د بلشیټ بوی لري، کامرون د سانپ په توګه راغی، هیڅکله یې په زړه پورې نه و
